state_name;avg;created_at;grade;id;level;question_code;question_desc;state_id;total_parent;updated_at
Jammu & Kashmir;98;;11;4145;pq3;0;Aware of the measures to be taken for wellbeing of the children and school staff;1;0;
Jammu & Kashmir;80;;11;4146;pq;0;CWSN students get facilities from school;1;0;
Jammu & Kashmir;58;;11;4147;pq2;0;Experienced worry, anxiety and fear during pandemic;1;0;
Jammu & Kashmir;84;;11;4148;pq2;0;Follow the Covid-19 hygiene protocols;1;0;
Jammu & Kashmir;51;;11;4149;pq2;0;Happy being by myself at home;1;0;
Jammu & Kashmir;50;;11;4150;pq1;0;I learnt many things:;1;0;
Jammu & Kashmir;97;;11;4151;pq3;0;Know about the school reopening guidelines;1;0;
Jammu & Kashmir;48;;11;4152;pq2;0;No Digital Device at Home;1;0;
Jammu & Kashmir;97;;11;4153;pq;0;students could understand, what teachers teach in the class;1;0;
Jammu & Kashmir;79;;11;4154;pq;0;Students get parental support for their educational achievement;1;0;
Jammu & Kashmir;98;;11;4155;pq;0;students like to go to school;1;0;
Jammu & Kashmir;75;;11;4156;pq;0;students use home language as medium of instruction in the class;1;0;
Jammu & Kashmir;98;;11;4157;pq3;0;Understand the protocols for COVID symptom reporting;1;0;
Jammu & Kashmir;21;;11;4626;tq;0;Teachers have adequate instructional material and supplies;1;0;
Jammu & Kashmir;34;;11;4627;tq;0;Teachers have adequate work space;1;0;
Jammu & Kashmir;74;;11;4628;tq;0;Teachers have responded that the parents take interest in school activities;1;0;
Jammu & Kashmir;37;;11;4629;tq;0;Teachers have responded that the school building needs major repair;1;0;
Jammu & Kashmir;29;;11;4630;tq;0;Teachers have responded that there are inadequate toilet facilities in school;1;0;
Jammu & Kashmir;28;;11;4631;tq;0;Teachers have responded that there is lack of drinking water facilities in school;1;0;
Jammu & Kashmir;52;;11;4632;tq;0;Teachers participated in professional development program;1;0;
Jammu & Kashmir;24;;11;4633;tq;0;Teachers say that they are overloaded with the work;1;0;
Jammu & Kashmir;24;;11;4922;sq;0;of schools have adequate audio visual resources;1;0;
Jammu & Kashmir;35;;11;4923;sq;0;of schools have adequate library resources;1;0;
Jammu & Kashmir;80;;11;4924;sq;0;of schools have adequate qualified teaching staff;1;0;
Jammu & Kashmir;49;;11;4925;sq;0;of schools have adequate supporting staff;1;0;
Jammu & Kashmir;91;;11;4926;sq;0;of schools participate in sports activities;1;0;
Himachal Pradesh;99;;11;4158;pq3;0;Aware of the measures to be taken for wellbeing of the children and school staff;2;0;
Himachal Pradesh;85;;11;4159;pq;0;CWSN students get facilities from school;2;0;
Himachal Pradesh;55;;11;4160;pq2;0;Experienced worry, anxiety and fear during pandemic;2;0;
Himachal Pradesh;88;;11;4161;pq2;0;Follow the Covid-19 hygiene protocols;2;0;
Himachal Pradesh;52;;11;4162;pq2;0;Happy being by myself at home;2;0;
Himachal Pradesh;58;;11;4163;pq1;0;I learnt many things:;2;0;
Himachal Pradesh;99;;11;4164;pq3;0;Know about the school reopening guidelines;2;0;
Himachal Pradesh;41;;11;4165;pq2;0;No Digital Device at Home;2;0;
Himachal Pradesh;97;;11;4166;pq;0;students could understand, what teachers teach in the class;2;0;
Himachal Pradesh;83;;11;4167;pq;0;Students get parental support for their educational achievement;2;0;
Himachal Pradesh;98;;11;4168;pq;0;students like to go to school;2;0;
Himachal Pradesh;75;;11;4169;pq;0;students use home language as medium of instruction in the class;2;0;
Himachal Pradesh;99;;11;4170;pq3;0;Understand the protocols for COVID symptom reporting;2;0;
Himachal Pradesh;45;;11;4634;tq;0;Teachers have adequate instructional material and supplies;2;0;
Himachal Pradesh;55;;11;4635;tq;0;Teachers have adequate work space;2;0;
Himachal Pradesh;92;;11;4636;tq;0;Teachers have responded that the parents take interest in school activities;2;0;
Himachal Pradesh;20;;11;4637;tq;0;Teachers have responded that the school building needs major repair;2;0;
Himachal Pradesh;9;;11;4638;tq;0;Teachers have responded that there are inadequate toilet facilities in school;2;0;
Himachal Pradesh;8;;11;4639;tq;0;Teachers have responded that there is lack of drinking water facilities in school;2;0;
Himachal Pradesh;55;;11;4640;tq;0;Teachers participated in professional development program;2;0;
Himachal Pradesh;29;;11;4641;tq;0;Teachers say that they are overloaded with the work;2;0;
Himachal Pradesh;50;;11;4927;sq;0;of schools have adequate audio visual resources;2;0;
Himachal Pradesh;60;;11;4928;sq;0;of schools have adequate library resources;2;0;
Himachal Pradesh;92;;11;4929;sq;0;of schools have adequate qualified teaching staff;2;0;
Himachal Pradesh;69;;11;4930;sq;0;of schools have adequate supporting staff;2;0;
Himachal Pradesh;99;;11;4931;sq;0;of schools participate in sports activities;2;0;
Punjab;100;;11;4171;pq3;0;Aware of the measures to be taken for wellbeing of the children and school staff;3;0;
Punjab;94;;11;4172;pq;0;CWSN students get facilities from school;3;0;
Punjab;54;;11;4173;pq2;0;Experienced worry, anxiety and fear during pandemic;3;0;
Punjab;95;;11;4174;pq2;0;Follow the Covid-19 hygiene protocols;3;0;
Punjab;53;;11;4175;pq2;0;Happy being by myself at home;3;0;
Punjab;74;;11;4176;pq1;0;I learnt many things:;3;0;
Punjab;100;;11;4177;pq3;0;Know about the school reopening guidelines;3;0;
Punjab;42;;11;4178;pq2;0;No Digital Device at Home;3;0;
Punjab;99;;11;4179;pq;0;students could understand, what teachers teach in the class;3;0;
Punjab;93;;11;4180;pq;0;Students get parental support for their educational achievement;3;0;
Punjab;99;;11;4181;pq;0;students like to go to school;3;0;
Punjab;85;;11;4182;pq;0;students use home language as medium of instruction in the class;3;0;
Punjab;100;;11;4183;pq3;0;Understand the protocols for COVID symptom reporting;3;0;
Punjab;71;;11;4642;tq;0;Teachers have adequate instructional material and supplies;3;0;
Punjab;82;;11;4643;tq;0;Teachers have adequate work space;3;0;
Punjab;99;;11;4644;tq;0;Teachers have responded that the parents take interest in school activities;3;0;
Punjab;10;;11;4645;tq;0;Teachers have responded that the school building needs major repair;3;0;
Punjab;8;;11;4646;tq;0;Teachers have responded that there are inadequate toilet facilities in school;3;0;
Punjab;8;;11;4647;tq;0;Teachers have responded that there is lack of drinking water facilities in school;3;0;
Punjab;86;;11;4648;tq;0;Teachers participated in professional development program;3;0;
Punjab;67;;11;4649;tq;0;Teachers say that they are overloaded with the work;3;0;
Punjab;88;;11;4932;sq;0;of schools have adequate audio visual resources;3;0;
Punjab;90;;11;4933;sq;0;of schools have adequate library resources;3;0;
Punjab;96;;11;4934;sq;0;of schools have adequate qualified teaching staff;3;0;
Punjab;85;;11;4935;sq;0;of schools have adequate supporting staff;3;0;
Punjab;99;;11;4936;sq;0;of schools participate in sports activities;3;0;
Chandigarh;100;;11;4184;pq3;0;Aware of the measures to be taken for wellbeing of the children and school staff;4;0;
Chandigarh;85;;11;4185;pq;0;CWSN students get facilities from school;4;0;
Chandigarh;54;;11;4186;pq2;0;Experienced worry, anxiety and fear during pandemic;4;0;
Chandigarh;90;;11;4187;pq2;0;Follow the Covid-19 hygiene protocols;4;0;
Chandigarh;54;;11;4188;pq2;0;Happy being by myself at home;4;0;
Chandigarh;64;;11;4189;pq1;0;I learnt many things:;4;0;
Chandigarh;100;;11;4190;pq3;0;Know about the school reopening guidelines;4;0;
Chandigarh;39;;11;4191;pq2;0;No Digital Device at Home;4;0;
Chandigarh;99;;11;4192;pq;0;students could understand, what teachers teach in the class;4;0;
Chandigarh;86;;11;4193;pq;0;Students get parental support for their educational achievement;4;0;
Chandigarh;99;;11;4194;pq;0;students like to go to school;4;0;
Chandigarh;86;;11;4195;pq;0;students use home language as medium of instruction in the class;4;0;
Chandigarh;100;;11;4196;pq3;0;Understand the protocols for COVID symptom reporting;4;0;
Chandigarh;67;;11;4650;tq;0;Teachers have adequate instructional material and supplies;4;0;
Chandigarh;76;;11;4651;tq;0;Teachers have adequate work space;4;0;
Chandigarh;89;;11;4652;tq;0;Teachers have responded that the parents take interest in school activities;4;0;
Chandigarh;8;;11;4653;tq;0;Teachers have responded that the school building needs major repair;4;0;
Chandigarh;3;;11;4654;tq;0;Teachers have responded that there are inadequate toilet facilities in school;4;0;
Chandigarh;4;;11;4655;tq;0;Teachers have responded that there is lack of drinking water facilities in school;4;0;
Chandigarh;90;;11;4656;tq;0;Teachers participated in professional development program;4;0;
Chandigarh;38;;11;4657;tq;0;Teachers say that they are overloaded with the work;4;0;
Chandigarh;81;;11;4937;sq;0;of schools have adequate audio visual resources;4;0;
Chandigarh;88;;11;4938;sq;0;of schools have adequate library resources;4;0;
Chandigarh;98;;11;4939;sq;0;of schools have adequate qualified teaching staff;4;0;
Chandigarh;85;;11;4940;sq;0;of schools have adequate supporting staff;4;0;
Chandigarh;100;;11;4941;sq;0;of schools participate in sports activities;4;0;
Uttarakhand;99;;11;4197;pq3;0;Aware of the measures to be taken for wellbeing of the children and school staff;5;0;
Uttarakhand;77;;11;4198;pq;0;CWSN students get facilities from school;5;0;
Uttarakhand;54;;11;4199;pq2;0;Experienced worry, anxiety and fear during pandemic;5;0;
Uttarakhand;86;;11;4200;pq2;0;Follow the Covid-19 hygiene protocols;5;0;
Uttarakhand;51;;11;4201;pq2;0;Happy being by myself at home;5;0;
Uttarakhand;56;;11;4202;pq1;0;I learnt many things:;5;0;
Uttarakhand;99;;11;4203;pq3;0;Know about the school reopening guidelines;5;0;
Uttarakhand;48;;11;4204;pq2;0;No Digital Device at Home;5;0;
Uttarakhand;97;;11;4205;pq;0;students could understand, what teachers teach in the class;5;0;
Uttarakhand;83;;11;4206;pq;0;Students get parental support for their educational achievement;5;0;
Uttarakhand;98;;11;4207;pq;0;students like to go to school;5;0;
Uttarakhand;84;;11;4208;pq;0;students use home language as medium of instruction in the class;5;0;
Uttarakhand;99;;11;4209;pq3;0;Understand the protocols for COVID symptom reporting;5;0;
Uttarakhand;36;;11;4658;tq;0;Teachers have adequate instructional material and supplies;5;0;
Uttarakhand;52;;11;4659;tq;0;Teachers have adequate work space;5;0;
Uttarakhand;86;;11;4660;tq;0;Teachers have responded that the parents take interest in school activities;5;0;
Uttarakhand;26;;11;4661;tq;0;Teachers have responded that the school building needs major repair;5;0;
Uttarakhand;12;;11;4662;tq;0;Teachers have responded that there are inadequate toilet facilities in school;5;0;
Uttarakhand;13;;11;4663;tq;0;Teachers have responded that there is lack of drinking water facilities in school;5;0;
Uttarakhand;56;;11;4664;tq;0;Teachers participated in professional development program;5;0;
Uttarakhand;29;;11;4665;tq;0;Teachers say that they are overloaded with the work;5;0;
Uttarakhand;32;;11;4942;sq;0;of schools have adequate audio visual resources;5;0;
Uttarakhand;42;;11;4943;sq;0;of schools have adequate library resources;5;0;
Uttarakhand;82;;11;4944;sq;0;of schools have adequate qualified teaching staff;5;0;
Uttarakhand;51;;11;4945;sq;0;of schools have adequate supporting staff;5;0;
Uttarakhand;99;;11;4946;sq;0;of schools participate in sports activities;5;0;
Haryana;99;;11;4210;pq3;0;Aware of the measures to be taken for wellbeing of the children and school staff;6;0;
Haryana;79;;11;4211;pq;0;CWSN students get facilities from school;6;0;
Haryana;57;;11;4212;pq2;0;Experienced worry, anxiety and fear during pandemic;6;0;
Haryana;87;;11;4213;pq2;0;Follow the Covid-19 hygiene protocols;6;0;
Haryana;56;;11;4214;pq2;0;Happy being by myself at home;6;0;
Haryana;59;;11;4215;pq1;0;I learnt many things:;6;0;
Haryana;99;;11;4216;pq3;0;Know about the school reopening guidelines;6;0;
Haryana;47;;11;4217;pq2;0;No Digital Device at Home;6;0;
Haryana;97;;11;4218;pq;0;students could understand, what teachers teach in the class;6;0;
Haryana;83;;11;4219;pq;0;Students get parental support for their educational achievement;6;0;
Haryana;98;;11;4220;pq;0;students like to go to school;6;0;
Haryana;79;;11;4221;pq;0;students use home language as medium of instruction in the class;6;0;
Haryana;99;;11;4222;pq3;0;Understand the protocols for COVID symptom reporting;6;0;
Haryana;49;;11;4666;tq;0;Teachers have adequate instructional material and supplies;6;0;
Haryana;61;;11;4667;tq;0;Teachers have adequate work space;6;0;
Haryana;87;;11;4668;tq;0;Teachers have responded that the parents take interest in school activities;6;0;
Haryana;17;;11;4669;tq;0;Teachers have responded that the school building needs major repair;6;0;
Haryana;11;;11;4670;tq;0;Teachers have responded that there are inadequate toilet facilities in school;6;0;
Haryana;10;;11;4671;tq;0;Teachers have responded that there is lack of drinking water facilities in school;6;0;
Haryana;62;;11;4672;tq;0;Teachers participated in professional development program;6;0;
Haryana;41;;11;4673;tq;0;Teachers say that they are overloaded with the work;6;0;
Haryana;57;;11;4947;sq;0;of schools have adequate audio visual resources;6;0;
Haryana;62;;11;4948;sq;0;of schools have adequate library resources;6;0;
Haryana;91;;11;4949;sq;0;of schools have adequate qualified teaching staff;6;0;
Haryana;65;;11;4950;sq;0;of schools have adequate supporting staff;6;0;
Haryana;96;;11;4951;sq;0;of schools participate in sports activities;6;0;
Delhi;99;;11;4223;pq3;0;Aware of the measures to be taken for wellbeing of the children and school staff;7;0;
Delhi;76;;11;4224;pq;0;CWSN students get facilities from school;7;0;
Delhi;58;;11;4225;pq2;0;Experienced worry, anxiety and fear during pandemic;7;0;
Delhi;84;;11;4226;pq2;0;Follow the Covid-19 hygiene protocols;7;0;
Delhi;57;;11;4227;pq2;0;Happy being by myself at home;7;0;
Delhi;58;;11;4228;pq1;0;I learnt many things:;7;0;
Delhi;99;;11;4229;pq3;0;Know about the school reopening guidelines;7;0;
Delhi;43;;11;4230;pq2;0;No Digital Device at Home;7;0;
Delhi;96;;11;4231;pq;0;students could understand, what teachers teach in the class;7;0;
Delhi;81;;11;4232;pq;0;Students get parental support for their educational achievement;7;0;
Delhi;97;;11;4233;pq;0;students like to go to school;7;0;
Delhi;85;;11;4234;pq;0;students use home language as medium of instruction in the class;7;0;
Delhi;99;;11;4235;pq3;0;Understand the protocols for COVID symptom reporting;7;0;
Delhi;55;;11;4674;tq;0;Teachers have adequate instructional material and supplies;7;0;
Delhi;64;;11;4675;tq;0;Teachers have adequate work space;7;0;
Delhi;92;;11;4676;tq;0;Teachers have responded that the parents take interest in school activities;7;0;
Delhi;14;;11;4677;tq;0;Teachers have responded that the school building needs major repair;7;0;
Delhi;9;;11;4678;tq;0;Teachers have responded that there are inadequate toilet facilities in school;7;0;
Delhi;9;;11;4679;tq;0;Teachers have responded that there is lack of drinking water facilities in school;7;0;
Delhi;75;;11;4680;tq;0;Teachers participated in professional development program;7;0;
Delhi;30;;11;4681;tq;0;Teachers say that they are overloaded with the work;7;0;
Delhi;71;;11;4952;sq;0;of schools have adequate audio visual resources;7;0;
Delhi;81;;11;4953;sq;0;of schools have adequate library resources;7;0;
Delhi;92;;11;4954;sq;0;of schools have adequate qualified teaching staff;7;0;
Delhi;72;;11;4955;sq;0;of schools have adequate supporting staff;7;0;
Delhi;98;;11;4956;sq;0;of schools participate in sports activities;7;0;
Rajasthan;99;;11;4236;pq3;0;Aware of the measures to be taken for wellbeing of the children and school staff;8;0;
Rajasthan;82;;11;4237;pq;0;CWSN students get facilities from school;8;0;
Rajasthan;60;;11;4238;pq2;0;Experienced worry, anxiety and fear during pandemic;8;0;
Rajasthan;87;;11;4239;pq2;0;Follow the Covid-19 hygiene protocols;8;0;
Rajasthan;58;;11;4240;pq2;0;Happy being by myself at home;8;0;
Rajasthan;61;;11;4241;pq1;0;I learnt many things:;8;0;
Rajasthan;99;;11;4242;pq3;0;Know about the school reopening guidelines;8;0;
Rajasthan;54;;11;4243;pq2;0;No Digital Device at Home;8;0;
Rajasthan;97;;11;4244;pq;0;students could understand, what teachers teach in the class;8;0;
Rajasthan;85;;11;4245;pq;0;Students get parental support for their educational achievement;8;0;
Rajasthan;98;;11;4246;pq;0;students like to go to school;8;0;
Rajasthan;84;;11;4247;pq;0;students use home language as medium of instruction in the class;8;0;
Rajasthan;99;;11;4248;pq3;0;Understand the protocols for COVID symptom reporting;8;0;
Rajasthan;42;;11;4682;tq;0;Teachers have adequate instructional material and supplies;8;0;
Rajasthan;55;;11;4683;tq;0;Teachers have adequate work space;8;0;
Rajasthan;89;;11;4684;tq;0;Teachers have responded that the parents take interest in school activities;8;0;
Rajasthan;24;;11;4685;tq;0;Teachers have responded that the school building needs major repair;8;0;
Rajasthan;12;;11;4686;tq;0;Teachers have responded that there are inadequate toilet facilities in school;8;0;
Rajasthan;13;;11;4687;tq;0;Teachers have responded that there is lack of drinking water facilities in school;8;0;
Rajasthan;52;;11;4688;tq;0;Teachers participated in professional development program;8;0;
Rajasthan;39;;11;4689;tq;0;Teachers say that they are overloaded with the work;8;0;
Rajasthan;44;;11;4957;sq;0;of schools have adequate audio visual resources;8;0;
Rajasthan;55;;11;4958;sq;0;of schools have adequate library resources;8;0;
Rajasthan;84;;11;4959;sq;0;of schools have adequate qualified teaching staff;8;0;
Rajasthan;57;;11;4960;sq;0;of schools have adequate supporting staff;8;0;
Rajasthan;98;;11;4961;sq;0;of schools participate in sports activities;8;0;
Uttar Pradesh;99;;11;4249;pq3;0;Aware of the measures to be taken for wellbeing of the children and school staff;9;0;
Uttar Pradesh;74;;11;4250;pq;0;CWSN students get facilities from school;9;0;
Uttar Pradesh;59;;11;4251;pq2;0;Experienced worry, anxiety and fear during pandemic;9;0;
Uttar Pradesh;82;;11;4252;pq2;0;Follow the Covid-19 hygiene protocols;9;0;
Uttar Pradesh;53;;11;4253;pq2;0;Happy being by myself at home;9;0;
Uttar Pradesh;55;;11;4254;pq1;0;I learnt many things:;9;0;
Uttar Pradesh;99;;11;4255;pq3;0;Know about the school reopening guidelines;9;0;
Uttar Pradesh;56;;11;4256;pq2;0;No Digital Device at Home;9;0;
Uttar Pradesh;97;;11;4257;pq;0;students could understand, what teachers teach in the class;9;0;
Uttar Pradesh;82;;11;4258;pq;0;Students get parental support for their educational achievement;9;0;
Uttar Pradesh;98;;11;4259;pq;0;students like to go to school;9;0;
Uttar Pradesh;87;;11;4260;pq;0;students use home language as medium of instruction in the class;9;0;
Uttar Pradesh;99;;11;4261;pq3;0;Understand the protocols for COVID symptom reporting;9;0;
Uttar Pradesh;38;;11;4690;tq;0;Teachers have adequate instructional material and supplies;9;0;
Uttar Pradesh;59;;11;4691;tq;0;Teachers have adequate work space;9;0;
Uttar Pradesh;85;;11;4692;tq;0;Teachers have responded that the parents take interest in school activities;9;0;
Uttar Pradesh;27;;11;4693;tq;0;Teachers have responded that the school building needs major repair;9;0;
Uttar Pradesh;15;;11;4694;tq;0;Teachers have responded that there are inadequate toilet facilities in school;9;0;
Uttar Pradesh;14;;11;4695;tq;0;Teachers have responded that there is lack of drinking water facilities in school;9;0;
Uttar Pradesh;42;;11;4696;tq;0;Teachers participated in professional development program;9;0;
Uttar Pradesh;37;;11;4697;tq;0;Teachers say that they are overloaded with the work;9;0;
Uttar Pradesh;32;;11;4962;sq;0;of schools have adequate audio visual resources;9;0;
Uttar Pradesh;47;;11;4963;sq;0;of schools have adequate library resources;9;0;
Uttar Pradesh;73;;11;4964;sq;0;of schools have adequate qualified teaching staff;9;0;
Uttar Pradesh;51;;11;4965;sq;0;of schools have adequate supporting staff;9;0;
Uttar Pradesh;96;;11;4966;sq;0;of schools participate in sports activities;9;0;
Bihar;98;;11;4262;pq3;0;Aware of the measures to be taken for wellbeing of the children and school staff;10;0;
Bihar;70;;11;4263;pq;0;CWSN students get facilities from school;10;0;
Bihar;60;;11;4264;pq2;0;Experienced worry, anxiety and fear during pandemic;10;0;
Bihar;79;;11;4265;pq2;0;Follow the Covid-19 hygiene protocols;10;0;
Bihar;54;;11;4266;pq2;0;Happy being by myself at home;10;0;
Bihar;55;;11;4267;pq1;0;I learnt many things:;10;0;
Bihar;98;;11;4268;pq3;0;Know about the school reopening guidelines;10;0;
Bihar;53;;11;4269;pq2;0;No Digital Device at Home;10;0;
Bihar;96;;11;4270;pq;0;students could understand, what teachers teach in the class;10;0;
Bihar;78;;11;4271;pq;0;Students get parental support for their educational achievement;10;0;
Bihar;98;;11;4272;pq;0;students like to go to school;10;0;
Bihar;83;;11;4273;pq;0;students use home language as medium of instruction in the class;10;0;
Bihar;98;;11;4274;pq3;0;Understand the protocols for COVID symptom reporting;10;0;
Bihar;26;;11;4698;tq;0;Teachers have adequate instructional material and supplies;10;0;
Bihar;45;;11;4699;tq;0;Teachers have adequate work space;10;0;
Bihar;91;;11;4700;tq;0;Teachers have responded that the parents take interest in school activities;10;0;
Bihar;36;;11;4701;tq;0;Teachers have responded that the school building needs major repair;10;0;
Bihar;21;;11;4702;tq;0;Teachers have responded that there are inadequate toilet facilities in school;10;0;
Bihar;20;;11;4703;tq;0;Teachers have responded that there is lack of drinking water facilities in school;10;0;
Bihar;54;;11;4704;tq;0;Teachers participated in professional development program;10;0;
Bihar;28;;11;4705;tq;0;Teachers say that they are overloaded with the work;10;0;
Bihar;29;;11;4967;sq;0;of schools have adequate audio visual resources;10;0;
Bihar;32;;11;4968;sq;0;of schools have adequate library resources;10;0;
Bihar;67;;11;4969;sq;0;of schools have adequate qualified teaching staff;10;0;
Bihar;47;;11;4970;sq;0;of schools have adequate supporting staff;10;0;
Bihar;95;;11;4971;sq;0;of schools participate in sports activities;10;0;
Sikkim;98;;11;4275;pq3;0;Aware of the measures to be taken for wellbeing of the children and school staff;11;0;
Sikkim;81;;11;4276;pq;0;CWSN students get facilities from school;11;0;
Sikkim;57;;11;4277;pq2;0;Experienced worry, anxiety and fear during pandemic;11;0;
Sikkim;88;;11;4278;pq2;0;Follow the Covid-19 hygiene protocols;11;0;
Sikkim;55;;11;4279;pq2;0;Happy being by myself at home;11;0;
Sikkim;54;;11;4280;pq1;0;I learnt many things:;11;0;
Sikkim;98;;11;4281;pq3;0;Know about the school reopening guidelines;11;0;
Sikkim;38;;11;4282;pq2;0;No Digital Device at Home;11;0;
Sikkim;97;;11;4283;pq;0;students could understand, what teachers teach in the class;11;0;
Sikkim;83;;11;4284;pq;0;Students get parental support for their educational achievement;11;0;
Sikkim;98;;11;4285;pq;0;students like to go to school;11;0;
Sikkim;78;;11;4286;pq;0;students use home language as medium of instruction in the class;11;0;
Sikkim;98;;11;4287;pq3;0;Understand the protocols for COVID symptom reporting;11;0;
Sikkim;21;;11;4706;tq;0;Teachers have adequate instructional material and supplies;11;0;
Sikkim;39;;11;4707;tq;0;Teachers have adequate work space;11;0;
Sikkim;89;;11;4708;tq;0;Teachers have responded that the parents take interest in school activities;11;0;
Sikkim;33;;11;4709;tq;0;Teachers have responded that the school building needs major repair;11;0;
Sikkim;25;;11;4710;tq;0;Teachers have responded that there are inadequate toilet facilities in school;11;0;
Sikkim;27;;11;4711;tq;0;Teachers have responded that there is lack of drinking water facilities in school;11;0;
Sikkim;64;;11;4712;tq;0;Teachers participated in professional development program;11;0;
Sikkim;33;;11;4713;tq;0;Teachers say that they are overloaded with the work;11;0;
Sikkim;33;;11;4972;sq;0;of schools have adequate audio visual resources;11;0;
Sikkim;32;;11;4973;sq;0;of schools have adequate library resources;11;0;
Sikkim;65;;11;4974;sq;0;of schools have adequate qualified teaching staff;11;0;
Sikkim;63;;11;4975;sq;0;of schools have adequate supporting staff;11;0;
Sikkim;95;;11;4976;sq;0;of schools participate in sports activities;11;0;
Arunachal Pradesh;97;;11;4288;pq3;0;Aware of the measures to be taken for wellbeing of the children and school staff;12;0;
Arunachal Pradesh;68;;11;4289;pq;0;CWSN students get facilities from school;12;0;
Arunachal Pradesh;61;;11;4290;pq2;0;Experienced worry, anxiety and fear during pandemic;12;0;
Arunachal Pradesh;80;;11;4291;pq2;0;Follow the Covid-19 hygiene protocols;12;0;
Arunachal Pradesh;57;;11;4292;pq2;0;Happy being by myself at home;12;0;
Arunachal Pradesh;51;;11;4293;pq1;0;I learnt many things:;12;0;
Arunachal Pradesh;97;;11;4294;pq3;0;Know about the school reopening guidelines;12;0;
Arunachal Pradesh;43;;11;4295;pq2;0;No Digital Device at Home;12;0;
Arunachal Pradesh;95;;11;4296;pq;0;students could understand, what teachers teach in the class;12;0;
Arunachal Pradesh;78;;11;4297;pq;0;Students get parental support for their educational achievement;12;0;
Arunachal Pradesh;97;;11;4298;pq;0;students like to go to school;12;0;
Arunachal Pradesh;61;;11;4299;pq;0;students use home language as medium of instruction in the class;12;0;
Arunachal Pradesh;97;;11;4300;pq3;0;Understand the protocols for COVID symptom reporting;12;0;
Arunachal Pradesh;17;;11;4714;tq;0;Teachers have adequate instructional material and supplies;12;0;
Arunachal Pradesh;32;;11;4715;tq;0;Teachers have adequate work space;12;0;
Arunachal Pradesh;82;;11;4716;tq;0;Teachers have responded that the parents take interest in school activities;12;0;
Arunachal Pradesh;47;;11;4717;tq;0;Teachers have responded that the school building needs major repair;12;0;
Arunachal Pradesh;41;;11;4718;tq;0;Teachers have responded that there are inadequate toilet facilities in school;12;0;
Arunachal Pradesh;39;;11;4719;tq;0;Teachers have responded that there is lack of drinking water facilities in school;12;0;
Arunachal Pradesh;47;;11;4720;tq;0;Teachers participated in professional development program;12;0;
Arunachal Pradesh;24;;11;4721;tq;0;Teachers say that they are overloaded with the work;12;0;
Arunachal Pradesh;23;;11;4977;sq;0;of schools have adequate audio visual resources;12;0;
Arunachal Pradesh;23;;11;4978;sq;0;of schools have adequate library resources;12;0;
Arunachal Pradesh;64;;11;4979;sq;0;of schools have adequate qualified teaching staff;12;0;
Arunachal Pradesh;44;;11;4980;sq;0;of schools have adequate supporting staff;12;0;
Arunachal Pradesh;93;;11;4981;sq;0;of schools participate in sports activities;12;0;
Nagaland;98;;11;4301;pq3;0;Aware of the measures to be taken for wellbeing of the children and school staff;13;0;
Nagaland;75;;11;4302;pq;0;CWSN students get facilities from school;13;0;
Nagaland;62;;11;4303;pq2;0;Experienced worry, anxiety and fear during pandemic;13;0;
Nagaland;86;;11;4304;pq2;0;Follow the Covid-19 hygiene protocols;13;0;
Nagaland;51;;11;4305;pq2;0;Happy being by myself at home;13;0;
Nagaland;54;;11;4306;pq1;0;I learnt many things:;13;0;
Nagaland;97;;11;4307;pq3;0;Know about the school reopening guidelines;13;0;
Nagaland;37;;11;4308;pq2;0;No Digital Device at Home;13;0;
Nagaland;96;;11;4309;pq;0;students could understand, what teachers teach in the class;13;0;
Nagaland;80;;11;4310;pq;0;Students get parental support for their educational achievement;13;0;
Nagaland;97;;11;4311;pq;0;students like to go to school;13;0;
Nagaland;54;;11;4312;pq;0;students use home language as medium of instruction in the class;13;0;
Nagaland;97;;11;4313;pq3;0;Understand the protocols for COVID symptom reporting;13;0;
Nagaland;13;;11;4722;tq;0;Teachers have adequate instructional material and supplies;13;0;
Nagaland;31;;11;4723;tq;0;Teachers have adequate work space;13;0;
Nagaland;79;;11;4724;tq;0;Teachers have responded that the parents take interest in school activities;13;0;
Nagaland;43;;11;4725;tq;0;Teachers have responded that the school building needs major repair;13;0;
Nagaland;31;;11;4726;tq;0;Teachers have responded that there are inadequate toilet facilities in school;13;0;
Nagaland;34;;11;4727;tq;0;Teachers have responded that there is lack of drinking water facilities in school;13;0;
Nagaland;49;;11;4728;tq;0;Teachers participated in professional development program;13;0;
Nagaland;23;;11;4729;tq;0;Teachers say that they are overloaded with the work;13;0;
Nagaland;15;;11;4982;sq;0;of schools have adequate audio visual resources;13;0;
Nagaland;15;;11;4983;sq;0;of schools have adequate library resources;13;0;
Nagaland;61;;11;4984;sq;0;of schools have adequate qualified teaching staff;13;0;
Nagaland;46;;11;4985;sq;0;of schools have adequate supporting staff;13;0;
Nagaland;96;;11;4986;sq;0;of schools participate in sports activities;13;0;
Manipur;96;;11;4314;pq3;0;Aware of the measures to be taken for wellbeing of the children and school staff;14;0;
Manipur;78;;11;4315;pq;0;CWSN students get facilities from school;14;0;
Manipur;59;;11;4316;pq2;0;Experienced worry, anxiety and fear during pandemic;14;0;
Manipur;85;;11;4317;pq2;0;Follow the Covid-19 hygiene protocols;14;0;
Manipur;55;;11;4318;pq2;0;Happy being by myself at home;14;0;
Manipur;54;;11;4319;pq1;0;I learnt many things:;14;0;
Manipur;95;;11;4320;pq3;0;Know about the school reopening guidelines;14;0;
Manipur;48;;11;4321;pq2;0;No Digital Device at Home;14;0;
Manipur;97;;11;4322;pq;0;students could understand, what teachers teach in the class;14;0;
Manipur;85;;11;4323;pq;0;Students get parental support for their educational achievement;14;0;
Manipur;98;;11;4324;pq;0;students like to go to school;14;0;
Manipur;78;;11;4325;pq;0;students use home language as medium of instruction in the class;14;0;
Manipur;95;;11;4326;pq3;0;Understand the protocols for COVID symptom reporting;14;0;
Manipur;16;;11;4730;tq;0;Teachers have adequate instructional material and supplies;14;0;
Manipur;27;;11;4731;tq;0;Teachers have adequate work space;14;0;
Manipur;87;;11;4732;tq;0;Teachers have responded that the parents take interest in school activities;14;0;
Manipur;45;;11;4733;tq;0;Teachers have responded that the school building needs major repair;14;0;
Manipur;43;;11;4734;tq;0;Teachers have responded that there are inadequate toilet facilities in school;14;0;
Manipur;40;;11;4735;tq;0;Teachers have responded that there is lack of drinking water facilities in school;14;0;
Manipur;55;;11;4736;tq;0;Teachers participated in professional development program;14;0;
Manipur;23;;11;4737;tq;0;Teachers say that they are overloaded with the work;14;0;
Manipur;16;;11;4987;sq;0;of schools have adequate audio visual resources;14;0;
Manipur;21;;11;4988;sq;0;of schools have adequate library resources;14;0;
Manipur;56;;11;4989;sq;0;of schools have adequate qualified teaching staff;14;0;
Manipur;42;;11;4990;sq;0;of schools have adequate supporting staff;14;0;
Manipur;93;;11;4991;sq;0;of schools participate in sports activities;14;0;
Mizoram;89;;11;4327;pq3;0;Aware of the measures to be taken for wellbeing of the children and school staff;15;0;
Mizoram;70;;11;4328;pq;0;CWSN students get facilities from school;15;0;
Mizoram;54;;11;4329;pq2;0;Experienced worry, anxiety and fear during pandemic;15;0;
Mizoram;82;;11;4330;pq2;0;Follow the Covid-19 hygiene protocols;15;0;
Mizoram;58;;11;4331;pq2;0;Happy being by myself at home;15;0;
Mizoram;48;;11;4332;pq1;0;I learnt many things:;15;0;
Mizoram;86;;11;4333;pq3;0;Know about the school reopening guidelines;15;0;
Mizoram;39;;11;4334;pq2;0;No Digital Device at Home;15;0;
Mizoram;95;;11;4335;pq;0;students could understand, what teachers teach in the class;15;0;
Mizoram;80;;11;4336;pq;0;Students get parental support for their educational achievement;15;0;
Mizoram;96;;11;4337;pq;0;students like to go to school;15;0;
Mizoram;77;;11;4338;pq;0;students use home language as medium of instruction in the class;15;0;
Mizoram;89;;11;4339;pq3;0;Understand the protocols for COVID symptom reporting;15;0;
Mizoram;14;;11;4738;tq;0;Teachers have adequate instructional material and supplies;15;0;
Mizoram;43;;11;4739;tq;0;Teachers have adequate work space;15;0;
Mizoram;79;;11;4740;tq;0;Teachers have responded that the parents take interest in school activities;15;0;
Mizoram;38;;11;4741;tq;0;Teachers have responded that the school building needs major repair;15;0;
Mizoram;27;;11;4742;tq;0;Teachers have responded that there are inadequate toilet facilities in school;15;0;
Mizoram;24;;11;4743;tq;0;Teachers have responded that there is lack of drinking water facilities in school;15;0;
Mizoram;40;;11;4744;tq;0;Teachers participated in professional development program;15;0;
Mizoram;41;;11;4745;tq;0;Teachers say that they are overloaded with the work;15;0;
Mizoram;11;;11;4992;sq;0;of schools have adequate audio visual resources;15;0;
Mizoram;10;;11;4993;sq;0;of schools have adequate library resources;15;0;
Mizoram;54;;11;4994;sq;0;of schools have adequate qualified teaching staff;15;0;
Mizoram;33;;11;4995;sq;0;of schools have adequate supporting staff;15;0;
Mizoram;94;;11;4996;sq;0;of schools participate in sports activities;15;0;
Tripura;98;;11;4340;pq3;0;Aware of the measures to be taken for wellbeing of the children and school staff;16;0;
Tripura;76;;11;4341;pq;0;CWSN students get facilities from school;16;0;
Tripura;59;;11;4342;pq2;0;Experienced worry, anxiety and fear during pandemic;16;0;
Tripura;81;;11;4343;pq2;0;Follow the Covid-19 hygiene protocols;16;0;
Tripura;51;;11;4344;pq2;0;Happy being by myself at home;16;0;
Tripura;52;;11;4345;pq1;0;I learnt many things:;16;0;
Tripura;98;;11;4346;pq3;0;Know about the school reopening guidelines;16;0;
Tripura;46;;11;4347;pq2;0;No Digital Device at Home;16;0;
Tripura;95;;11;4348;pq;0;students could understand, what teachers teach in the class;16;0;
Tripura;77;;11;4349;pq;0;Students get parental support for their educational achievement;16;0;
Tripura;97;;11;4350;pq;0;students like to go to school;16;0;
Tripura;75;;11;4351;pq;0;students use home language as medium of instruction in the class;16;0;
Tripura;98;;11;4352;pq3;0;Understand the protocols for COVID symptom reporting;16;0;
Tripura;19;;11;4746;tq;0;Teachers have adequate instructional material and supplies;16;0;
Tripura;39;;11;4747;tq;0;Teachers have adequate work space;16;0;
Tripura;94;;11;4748;tq;0;Teachers have responded that the parents take interest in school activities;16;0;
Tripura;34;;11;4749;tq;0;Teachers have responded that the school building needs major repair;16;0;
Tripura;26;;11;4750;tq;0;Teachers have responded that there are inadequate toilet facilities in school;16;0;
Tripura;28;;11;4751;tq;0;Teachers have responded that there is lack of drinking water facilities in school;16;0;
Tripura;43;;11;4752;tq;0;Teachers participated in professional development program;16;0;
Tripura;20;;11;4753;tq;0;Teachers say that they are overloaded with the work;16;0;
Tripura;28;;11;4997;sq;0;of schools have adequate audio visual resources;16;0;
Tripura;28;;11;4998;sq;0;of schools have adequate library resources;16;0;
Tripura;57;;11;4999;sq;0;of schools have adequate qualified teaching staff;16;0;
Tripura;29;;11;5000;sq;0;of schools have adequate supporting staff;16;0;
Tripura;97;;11;5001;sq;0;of schools participate in sports activities;16;0;
Meghalaya;96;;11;4353;pq3;0;Aware of the measures to be taken for wellbeing of the children and school staff;17;0;
Meghalaya;69;;11;4354;pq;0;CWSN students get facilities from school;17;0;
Meghalaya;59;;11;4355;pq2;0;Experienced worry, anxiety and fear during pandemic;17;0;
Meghalaya;81;;11;4356;pq2;0;Follow the Covid-19 hygiene protocols;17;0;
Meghalaya;52;;11;4357;pq2;0;Happy being by myself at home;17;0;
Meghalaya;52;;11;4358;pq1;0;I learnt many things:;17;0;
Meghalaya;96;;11;4359;pq3;0;Know about the school reopening guidelines;17;0;
Meghalaya;48;;11;4360;pq2;0;No Digital Device at Home;17;0;
Meghalaya;93;;11;4361;pq;0;students could understand, what teachers teach in the class;17;0;
Meghalaya;76;;11;4362;pq;0;Students get parental support for their educational achievement;17;0;
Meghalaya;95;;11;4363;pq;0;students like to go to school;17;0;
Meghalaya;68;;11;4364;pq;0;students use home language as medium of instruction in the class;17;0;
Meghalaya;96;;11;4365;pq3;0;Understand the protocols for COVID symptom reporting;17;0;
Meghalaya;10;;11;4754;tq;0;Teachers have adequate instructional material and supplies;17;0;
Meghalaya;21;;11;4755;tq;0;Teachers have adequate work space;17;0;
Meghalaya;88;;11;4756;tq;0;Teachers have responded that the parents take interest in school activities;17;0;
Meghalaya;48;;11;4757;tq;0;Teachers have responded that the school building needs major repair;17;0;
Meghalaya;44;;11;4758;tq;0;Teachers have responded that there are inadequate toilet facilities in school;17;0;
Meghalaya;52;;11;4759;tq;0;Teachers have responded that there is lack of drinking water facilities in school;17;0;
Meghalaya;37;;11;4760;tq;0;Teachers participated in professional development program;17;0;
Meghalaya;15;;11;4761;tq;0;Teachers say that they are overloaded with the work;17;0;
Meghalaya;12;;11;5002;sq;0;of schools have adequate audio visual resources;17;0;
Meghalaya;12;;11;5003;sq;0;of schools have adequate library resources;17;0;
Meghalaya;57;;11;5004;sq;0;of schools have adequate qualified teaching staff;17;0;
Meghalaya;36;;11;5005;sq;0;of schools have adequate supporting staff;17;0;
Meghalaya;89;;11;5006;sq;0;of schools participate in sports activities;17;0;
Assam;99;;11;4366;pq3;0;Aware of the measures to be taken for wellbeing of the children and school staff;18;0;
Assam;73;;11;4367;pq;0;CWSN students get facilities from school;18;0;
Assam;58;;11;4368;pq2;0;Experienced worry, anxiety and fear during pandemic;18;0;
Assam;85;;11;4369;pq2;0;Follow the Covid-19 hygiene protocols;18;0;
Assam;43;;11;4370;pq2;0;Happy being by myself at home;18;0;
Assam;51;;11;4371;pq1;0;I learnt many things:;18;0;
Assam;98;;11;4372;pq3;0;Know about the school reopening guidelines;18;0;
Assam;48;;11;4373;pq2;0;No Digital Device at Home;18;0;
Assam;97;;11;4374;pq;0;students could understand, what teachers teach in the class;18;0;
Assam;74;;11;4375;pq;0;Students get parental support for their educational achievement;18;0;
Assam;98;;11;4376;pq;0;students like to go to school;18;0;
Assam;70;;11;4377;pq;0;students use home language as medium of instruction in the class;18;0;
Assam;99;;11;4378;pq3;0;Understand the protocols for COVID symptom reporting;18;0;
Assam;16;;11;4762;tq;0;Teachers have adequate instructional material and supplies;18;0;
Assam;33;;11;4763;tq;0;Teachers have adequate work space;18;0;
Assam;91;;11;4764;tq;0;Teachers have responded that the parents take interest in school activities;18;0;
Assam;47;;11;4765;tq;0;Teachers have responded that the school building needs major repair;18;0;
Assam;32;;11;4766;tq;0;Teachers have responded that there are inadequate toilet facilities in school;18;0;
Assam;34;;11;4767;tq;0;Teachers have responded that there is lack of drinking water facilities in school;18;0;
Assam;35;;11;4768;tq;0;Teachers participated in professional development program;18;0;
Assam;27;;11;4769;tq;0;Teachers say that they are overloaded with the work;18;0;
Assam;16;;11;5007;sq;0;of schools have adequate audio visual resources;18;0;
Assam;24;;11;5008;sq;0;of schools have adequate library resources;18;0;
Assam;61;;11;5009;sq;0;of schools have adequate qualified teaching staff;18;0;
Assam;53;;11;5010;sq;0;of schools have adequate supporting staff;18;0;
Assam;98;;11;5011;sq;0;of schools participate in sports activities;18;0;
West Bengal;97;;11;4379;pq3;0;Aware of the measures to be taken for wellbeing of the children and school staff;19;0;
West Bengal;77;;11;4380;pq;0;CWSN students get facilities from school;19;0;
West Bengal;57;;11;4381;pq2;0;Experienced worry, anxiety and fear during pandemic;19;0;
West Bengal;85;;11;4382;pq2;0;Follow the Covid-19 hygiene protocols;19;0;
West Bengal;48;;11;4383;pq2;0;Happy being by myself at home;19;0;
West Bengal;54;;11;4384;pq1;0;I learnt many things:;19;0;
West Bengal;98;;11;4385;pq3;0;Know about the school reopening guidelines;19;0;
West Bengal;46;;11;4386;pq2;0;No Digital Device at Home;19;0;
West Bengal;97;;11;4387;pq;0;students could understand, what teachers teach in the class;19;0;
West Bengal;81;;11;4388;pq;0;Students get parental support for their educational achievement;19;0;
West Bengal;98;;11;4389;pq;0;students like to go to school;19;0;
West Bengal;87;;11;4390;pq;0;students use home language as medium of instruction in the class;19;0;
West Bengal;99;;11;4391;pq3;0;Understand the protocols for COVID symptom reporting;19;0;
West Bengal;26;;11;4770;tq;0;Teachers have adequate instructional material and supplies;19;0;
West Bengal;49;;11;4771;tq;0;Teachers have adequate work space;19;0;
West Bengal;94;;11;4772;tq;0;Teachers have responded that the parents take interest in school activities;19;0;
West Bengal;36;;11;4773;tq;0;Teachers have responded that the school building needs major repair;19;0;
West Bengal;23;;11;4774;tq;0;Teachers have responded that there are inadequate toilet facilities in school;19;0;
West Bengal;24;;11;4775;tq;0;Teachers have responded that there is lack of drinking water facilities in school;19;0;
West Bengal;31;;11;4776;tq;0;Teachers participated in professional development program;19;0;
West Bengal;30;;11;4777;tq;0;Teachers say that they are overloaded with the work;19;0;
West Bengal;31;;11;5012;sq;0;of schools have adequate audio visual resources;19;0;
West Bengal;33;;11;5013;sq;0;of schools have adequate library resources;19;0;
West Bengal;70;;11;5014;sq;0;of schools have adequate qualified teaching staff;19;0;
West Bengal;41;;11;5015;sq;0;of schools have adequate supporting staff;19;0;
West Bengal;98;;11;5016;sq;0;of schools participate in sports activities;19;0;
Jharkhand;98;;11;4392;pq3;0;Aware of the measures to be taken for wellbeing of the children and school staff;20;0;
Jharkhand;73;;11;4393;pq;0;CWSN students get facilities from school;20;0;
Jharkhand;60;;11;4394;pq2;0;Experienced worry, anxiety and fear during pandemic;20;0;
Jharkhand;81;;11;4395;pq2;0;Follow the Covid-19 hygiene protocols;20;0;
Jharkhand;54;;11;4396;pq2;0;Happy being by myself at home;20;0;
Jharkhand;56;;11;4397;pq1;0;I learnt many things:;20;0;
Jharkhand;99;;11;4398;pq3;0;Know about the school reopening guidelines;20;0;
Jharkhand;53;;11;4399;pq2;0;No Digital Device at Home;20;0;
Jharkhand;96;;11;4400;pq;0;students could understand, what teachers teach in the class;20;0;
Jharkhand;81;;11;4401;pq;0;Students get parental support for their educational achievement;20;0;
Jharkhand;98;;11;4402;pq;0;students like to go to school;20;0;
Jharkhand;79;;11;4403;pq;0;students use home language as medium of instruction in the class;20;0;
Jharkhand;98;;11;4404;pq3;0;Understand the protocols for COVID symptom reporting;20;0;
Jharkhand;26;;11;4778;tq;0;Teachers have adequate instructional material and supplies;20;0;
Jharkhand;48;;11;4779;tq;0;Teachers have adequate work space;20;0;
Jharkhand;88;;11;4780;tq;0;Teachers have responded that the parents take interest in school activities;20;0;
Jharkhand;29;;11;4781;tq;0;Teachers have responded that the school building needs major repair;20;0;
Jharkhand;16;;11;4782;tq;0;Teachers have responded that there are inadequate toilet facilities in school;20;0;
Jharkhand;17;;11;4783;tq;0;Teachers have responded that there is lack of drinking water facilities in school;20;0;
Jharkhand;62;;11;4784;tq;0;Teachers participated in professional development program;20;0;
Jharkhand;22;;11;4785;tq;0;Teachers say that they are overloaded with the work;20;0;
Jharkhand;27;;11;5017;sq;0;of schools have adequate audio visual resources;20;0;
Jharkhand;41;;11;5018;sq;0;of schools have adequate library resources;20;0;
Jharkhand;62;;11;5019;sq;0;of schools have adequate qualified teaching staff;20;0;
Jharkhand;43;;11;5020;sq;0;of schools have adequate supporting staff;20;0;
Jharkhand;97;;11;5021;sq;0;of schools participate in sports activities;20;0;
Odisha;97;;11;4405;pq3;0;Aware of the measures to be taken for wellbeing of the children and school staff;21;0;
Odisha;80;;11;4406;pq;0;CWSN students get facilities from school;21;0;
Odisha;60;;11;4407;pq2;0;Experienced worry, anxiety and fear during pandemic;21;0;
Odisha;85;;11;4408;pq2;0;Follow the Covid-19 hygiene protocols;21;0;
Odisha;54;;11;4409;pq2;0;Happy being by myself at home;21;0;
Odisha;57;;11;4410;pq1;0;I learnt many things:;21;0;
Odisha;98;;11;4411;pq3;0;Know about the school reopening guidelines;21;0;
Odisha;50;;11;4412;pq2;0;No Digital Device at Home;21;0;
Odisha;97;;11;4413;pq;0;students could understand, what teachers teach in the class;21;0;
Odisha;80;;11;4414;pq;0;Students get parental support for their educational achievement;21;0;
Odisha;98;;11;4415;pq;0;students like to go to school;21;0;
Odisha;79;;11;4416;pq;0;students use home language as medium of instruction in the class;21;0;
Odisha;95;;11;4417;pq3;0;Understand the protocols for COVID symptom reporting;21;0;
Odisha;21;;11;4786;tq;0;Teachers have adequate instructional material and supplies;21;0;
Odisha;33;;11;4787;tq;0;Teachers have adequate work space;21;0;
Odisha;92;;11;4788;tq;0;Teachers have responded that the parents take interest in school activities;21;0;
Odisha;41;;11;4789;tq;0;Teachers have responded that the school building needs major repair;21;0;
Odisha;25;;11;4790;tq;0;Teachers have responded that there are inadequate toilet facilities in school;21;0;
Odisha;20;;11;4791;tq;0;Teachers have responded that there is lack of drinking water facilities in school;21;0;
Odisha;48;;11;4792;tq;0;Teachers participated in professional development program;21;0;
Odisha;22;;11;4793;tq;0;Teachers say that they are overloaded with the work;21;0;
Odisha;16;;11;5022;sq;0;of schools have adequate audio visual resources;21;0;
Odisha;28;;11;5023;sq;0;of schools have adequate library resources;21;0;
Odisha;64;;11;5024;sq;0;of schools have adequate qualified teaching staff;21;0;
Odisha;40;;11;5025;sq;0;of schools have adequate supporting staff;21;0;
Odisha;98;;11;5026;sq;0;of schools participate in sports activities;21;0;
Chhattisgarh;99;;11;4418;pq3;0;Aware of the measures to be taken for wellbeing of the children and school staff;22;0;
Chhattisgarh;78;;11;4419;pq;0;CWSN students get facilities from school;22;0;
Chhattisgarh;58;;11;4420;pq2;0;Experienced worry, anxiety and fear during pandemic;22;0;
Chhattisgarh;83;;11;4421;pq2;0;Follow the Covid-19 hygiene protocols;22;0;
Chhattisgarh;53;;11;4422;pq2;0;Happy being by myself at home;22;0;
Chhattisgarh;55;;11;4423;pq1;0;I learnt many things:;22;0;
Chhattisgarh;99;;11;4424;pq3;0;Know about the school reopening guidelines;22;0;
Chhattisgarh;51;;11;4425;pq2;0;No Digital Device at Home;22;0;
Chhattisgarh;97;;11;4426;pq;0;students could understand, what teachers teach in the class;22;0;
Chhattisgarh;82;;11;4427;pq;0;Students get parental support for their educational achievement;22;0;
Chhattisgarh;98;;11;4428;pq;0;students like to go to school;22;0;
Chhattisgarh;83;;11;4429;pq;0;students use home language as medium of instruction in the class;22;0;
Chhattisgarh;99;;11;4430;pq3;0;Understand the protocols for COVID symptom reporting;22;0;
Chhattisgarh;31;;11;4794;tq;0;Teachers have adequate instructional material and supplies;22;0;
Chhattisgarh;52;;11;4795;tq;0;Teachers have adequate work space;22;0;
Chhattisgarh;90;;11;4796;tq;0;Teachers have responded that the parents take interest in school activities;22;0;
Chhattisgarh;27;;11;4797;tq;0;Teachers have responded that the school building needs major repair;22;0;
Chhattisgarh;19;;11;4798;tq;0;Teachers have responded that there are inadequate toilet facilities in school;22;0;
Chhattisgarh;14;;11;4799;tq;0;Teachers have responded that there is lack of drinking water facilities in school;22;0;
Chhattisgarh;48;;11;4800;tq;0;Teachers participated in professional development program;22;0;
Chhattisgarh;33;;11;4801;tq;0;Teachers say that they are overloaded with the work;22;0;
Chhattisgarh;29;;11;5027;sq;0;of schools have adequate audio visual resources;22;0;
Chhattisgarh;49;;11;5028;sq;0;of schools have adequate library resources;22;0;
Chhattisgarh;72;;11;5029;sq;0;of schools have adequate qualified teaching staff;22;0;
Chhattisgarh;56;;11;5030;sq;0;of schools have adequate supporting staff;22;0;
Chhattisgarh;98;;11;5031;sq;0;of schools participate in sports activities;22;0;
Madhya Pradesh;99;;11;4431;pq3;0;Aware of the measures to be taken for wellbeing of the children and school staff;23;0;
Madhya Pradesh;81;;11;4432;pq;0;CWSN students get facilities from school;23;0;
Madhya Pradesh;61;;11;4433;pq2;0;Experienced worry, anxiety and fear during pandemic;23;0;
Madhya Pradesh;87;;11;4434;pq2;0;Follow the Covid-19 hygiene protocols;23;0;
Madhya Pradesh;58;;11;4435;pq2;0;Happy being by myself at home;23;0;
Madhya Pradesh;60;;11;4436;pq1;0;I learnt many things:;23;0;
Madhya Pradesh;99;;11;4437;pq3;0;Know about the school reopening guidelines;23;0;
Madhya Pradesh;56;;11;4438;pq2;0;No Digital Device at Home;23;0;
Madhya Pradesh;97;;11;4439;pq;0;students could understand, what teachers teach in the class;23;0;
Madhya Pradesh;84;;11;4440;pq;0;Students get parental support for their educational achievement;23;0;
Madhya Pradesh;98;;11;4441;pq;0;students like to go to school;23;0;
Madhya Pradesh;86;;11;4442;pq;0;students use home language as medium of instruction in the class;23;0;
Madhya Pradesh;99;;11;4443;pq3;0;Understand the protocols for COVID symptom reporting;23;0;
Madhya Pradesh;48;;11;4802;tq;0;Teachers have adequate instructional material and supplies;23;0;
Madhya Pradesh;63;;11;4803;tq;0;Teachers have adequate work space;23;0;
Madhya Pradesh;90;;11;4804;tq;0;Teachers have responded that the parents take interest in school activities;23;0;
Madhya Pradesh;20;;11;4805;tq;0;Teachers have responded that the school building needs major repair;23;0;
Madhya Pradesh;13;;11;4806;tq;0;Teachers have responded that there are inadequate toilet facilities in school;23;0;
Madhya Pradesh;14;;11;4807;tq;0;Teachers have responded that there is lack of drinking water facilities in school;23;0;
Madhya Pradesh;54;;11;4808;tq;0;Teachers participated in professional development program;23;0;
Madhya Pradesh;43;;11;4809;tq;0;Teachers say that they are overloaded with the work;23;0;
Madhya Pradesh;39;;11;5032;sq;0;of schools have adequate audio visual resources;23;0;
Madhya Pradesh;57;;11;5033;sq;0;of schools have adequate library resources;23;0;
Madhya Pradesh;73;;11;5034;sq;0;of schools have adequate qualified teaching staff;23;0;
Madhya Pradesh;59;;11;5035;sq;0;of schools have adequate supporting staff;23;0;
Madhya Pradesh;97;;11;5036;sq;0;of schools participate in sports activities;23;0;
Gujarat;98;;11;4444;pq3;0;Aware of the measures to be taken for wellbeing of the children and school staff;24;0;
Gujarat;83;;11;4445;pq;0;CWSN students get facilities from school;24;0;
Gujarat;67;;11;4446;pq2;0;Experienced worry, anxiety and fear during pandemic;24;0;
Gujarat;89;;11;4447;pq2;0;Follow the Covid-19 hygiene protocols;24;0;
Gujarat;59;;11;4448;pq2;0;Happy being by myself at home;24;0;
Gujarat;63;;11;4449;pq1;0;I learnt many things:;24;0;
Gujarat;97;;11;4450;pq3;0;Know about the school reopening guidelines;24;0;
Gujarat;49;;11;4451;pq2;0;No Digital Device at Home;24;0;
Gujarat;98;;11;4452;pq;0;students could understand, what teachers teach in the class;24;0;
Gujarat;82;;11;4453;pq;0;Students get parental support for their educational achievement;24;0;
Gujarat;98;;11;4454;pq;0;students like to go to school;24;0;
Gujarat;86;;11;4455;pq;0;students use home language as medium of instruction in the class;24;0;
Gujarat;99;;11;4456;pq3;0;Understand the protocols for COVID symptom reporting;24;0;
Gujarat;45;;11;4810;tq;0;Teachers have adequate instructional material and supplies;24;0;
Gujarat;74;;11;4811;tq;0;Teachers have adequate work space;24;0;
Gujarat;90;;11;4812;tq;0;Teachers have responded that the parents take interest in school activities;24;0;
Gujarat;15;;11;4813;tq;0;Teachers have responded that the school building needs major repair;24;0;
Gujarat;7;;11;4814;tq;0;Teachers have responded that there are inadequate toilet facilities in school;24;0;
Gujarat;8;;11;4815;tq;0;Teachers have responded that there is lack of drinking water facilities in school;24;0;
Gujarat;71;;11;4816;tq;0;Teachers participated in professional development program;24;0;
Gujarat;34;;11;4817;tq;0;Teachers say that they are overloaded with the work;24;0;
Gujarat;66;;11;5037;sq;0;of schools have adequate audio visual resources;24;0;
Gujarat;67;;11;5038;sq;0;of schools have adequate library resources;24;0;
Gujarat;85;;11;5039;sq;0;of schools have adequate qualified teaching staff;24;0;
Gujarat;55;;11;5040;sq;0;of schools have adequate supporting staff;24;0;
Gujarat;99;;11;5041;sq;0;of schools participate in sports activities;24;0;
Daman & Diu;98;;11;4457;pq3;0;Aware of the measures to be taken for wellbeing of the children and school staff;25;0;
Daman & Diu;86;;11;4458;pq;0;CWSN students get facilities from school;25;0;
Daman & Diu;64;;11;4459;pq2;0;Experienced worry, anxiety and fear during pandemic;25;0;
Daman & Diu;88;;11;4460;pq2;0;Follow the Covid-19 hygiene protocols;25;0;
Daman & Diu;61;;11;4461;pq2;0;Happy being by myself at home;25;0;
Daman & Diu;61;;11;4462;pq1;0;I learnt many things:;25;0;
Daman & Diu;100;;11;4463;pq3;0;Know about the school reopening guidelines;25;0;
Daman & Diu;42;;11;4464;pq2;0;No Digital Device at Home;25;0;
Daman & Diu;95;;11;4465;pq;0;students could understand, what teachers teach in the class;25;0;
Daman & Diu;87;;11;4466;pq;0;Students get parental support for their educational achievement;25;0;
Daman & Diu;97;;11;4467;pq;0;students like to go to school;25;0;
Daman & Diu;75;;11;4468;pq;0;students use home language as medium of instruction in the class;25;0;
Daman & Diu;99;;11;4469;pq3;0;Understand the protocols for COVID symptom reporting;25;0;
Daman & Diu;51;;11;4818;tq;0;Teachers have adequate instructional material and supplies;25;0;
Daman & Diu;68;;11;4819;tq;0;Teachers have adequate work space;25;0;
Daman & Diu;92;;11;4820;tq;0;Teachers have responded that the parents take interest in school activities;25;0;
Daman & Diu;19;;11;4821;tq;0;Teachers have responded that the school building needs major repair;25;0;
Daman & Diu;8;;11;4822;tq;0;Teachers have responded that there are inadequate toilet facilities in school;25;0;
Daman & Diu;12;;11;4823;tq;0;Teachers have responded that there is lack of drinking water facilities in school;25;0;
Daman & Diu;71;;11;4824;tq;0;Teachers participated in professional development program;25;0;
Daman & Diu;33;;11;4825;tq;0;Teachers say that they are overloaded with the work;25;0;
Daman & Diu;85;;11;5042;sq;0;of schools have adequate audio visual resources;25;0;
Daman & Diu;74;;11;5043;sq;0;of schools have adequate library resources;25;0;
Daman & Diu;87;;11;5044;sq;0;of schools have adequate qualified teaching staff;25;0;
Daman & Diu;68;;11;5045;sq;0;of schools have adequate supporting staff;25;0;
Daman & Diu;99;;11;5046;sq;0;of schools participate in sports activities;25;0;
Dadra & Nagar Haveli;99;;11;4470;pq3;0;Aware of the measures to be taken for wellbeing of the children and school staff;26;0;
Dadra & Nagar Haveli;74;;11;4471;pq;0;CWSN students get facilities from school;26;0;
Dadra & Nagar Haveli;60;;11;4472;pq2;0;Experienced worry, anxiety and fear during pandemic;26;0;
Dadra & Nagar Haveli;81;;11;4473;pq2;0;Follow the Covid-19 hygiene protocols;26;0;
Dadra & Nagar Haveli;54;;11;4474;pq2;0;Happy being by myself at home;26;0;
Dadra & Nagar Haveli;57;;11;4475;pq1;0;I learnt many things:;26;0;
Dadra & Nagar Haveli;97;;11;4476;pq3;0;Know about the school reopening guidelines;26;0;
Dadra & Nagar Haveli;40;;11;4477;pq2;0;No Digital Device at Home;26;0;
Dadra & Nagar Haveli;94;;11;4478;pq;0;students could understand, what teachers teach in the class;26;0;
Dadra & Nagar Haveli;74;;11;4479;pq;0;Students get parental support for their educational achievement;26;0;
Dadra & Nagar Haveli;96;;11;4480;pq;0;students like to go to school;26;0;
Dadra & Nagar Haveli;67;;11;4481;pq;0;students use home language as medium of instruction in the class;26;0;
Dadra & Nagar Haveli;100;;11;4482;pq3;0;Understand the protocols for COVID symptom reporting;26;0;
Dadra & Nagar Haveli;51;;11;4826;tq;0;Teachers have adequate instructional material and supplies;26;0;
Dadra & Nagar Haveli;60;;11;4827;tq;0;Teachers have adequate work space;26;0;
Dadra & Nagar Haveli;88;;11;4828;tq;0;Teachers have responded that the parents take interest in school activities;26;0;
Dadra & Nagar Haveli;13;;11;4829;tq;0;Teachers have responded that the school building needs major repair;26;0;
Dadra & Nagar Haveli;7;;11;4830;tq;0;Teachers have responded that there are inadequate toilet facilities in school;26;0;
Dadra & Nagar Haveli;10;;11;4831;tq;0;Teachers have responded that there is lack of drinking water facilities in school;26;0;
Dadra & Nagar Haveli;79;;11;4832;tq;0;Teachers participated in professional development program;26;0;
Dadra & Nagar Haveli;24;;11;4833;tq;0;Teachers say that they are overloaded with the work;26;0;
Dadra & Nagar Haveli;62;;11;5047;sq;0;of schools have adequate audio visual resources;26;0;
Dadra & Nagar Haveli;56;;11;5048;sq;0;of schools have adequate library resources;26;0;
Dadra & Nagar Haveli;85;;11;5049;sq;0;of schools have adequate qualified teaching staff;26;0;
Dadra & Nagar Haveli;63;;11;5050;sq;0;of schools have adequate supporting staff;26;0;
Dadra & Nagar Haveli;100;;11;5051;sq;0;of schools participate in sports activities;26;0;
Maharashtra;99;;11;4483;pq3;0;Aware of the measures to be taken for wellbeing of the children and school staff;27;0;
Maharashtra;84;;11;4484;pq;0;CWSN students get facilities from school;27;0;
Maharashtra;65;;11;4485;pq2;0;Experienced worry, anxiety and fear during pandemic;27;0;
Maharashtra;89;;11;4486;pq2;0;Follow the Covid-19 hygiene protocols;27;0;
Maharashtra;52;;11;4487;pq2;0;Happy being by myself at home;27;0;
Maharashtra;62;;11;4488;pq1;0;I learnt many things:;27;0;
Maharashtra;97;;11;4489;pq3;0;Know about the school reopening guidelines;27;0;
Maharashtra;47;;11;4490;pq2;0;No Digital Device at Home;27;0;
Maharashtra;98;;11;4491;pq;0;students could understand, what teachers teach in the class;27;0;
Maharashtra;85;;11;4492;pq;0;Students get parental support for their educational achievement;27;0;
Maharashtra;98;;11;4493;pq;0;students like to go to school;27;0;
Maharashtra;82;;11;4494;pq;0;students use home language as medium of instruction in the class;27;0;
Maharashtra;99;;11;4495;pq3;0;Understand the protocols for COVID symptom reporting;27;0;
Maharashtra;36;;11;4834;tq;0;Teachers have adequate instructional material and supplies;27;0;
Maharashtra;72;;11;4835;tq;0;Teachers have adequate work space;27;0;
Maharashtra;90;;11;4836;tq;0;Teachers have responded that the parents take interest in school activities;27;0;
Maharashtra;12;;11;4837;tq;0;Teachers have responded that the school building needs major repair;27;0;
Maharashtra;7;;11;4838;tq;0;Teachers have responded that there are inadequate toilet facilities in school;27;0;
Maharashtra;6;;11;4839;tq;0;Teachers have responded that there is lack of drinking water facilities in school;27;0;
Maharashtra;59;;11;4840;tq;0;Teachers participated in professional development program;27;0;
Maharashtra;28;;11;4841;tq;0;Teachers say that they are overloaded with the work;27;0;
Maharashtra;59;;11;5052;sq;0;of schools have adequate audio visual resources;27;0;
Maharashtra;48;;11;5053;sq;0;of schools have adequate library resources;27;0;
Maharashtra;91;;11;5054;sq;0;of schools have adequate qualified teaching staff;27;0;
Maharashtra;65;;11;5055;sq;0;of schools have adequate supporting staff;27;0;
Maharashtra;98;;11;5056;sq;0;of schools participate in sports activities;27;0;
Andhra Pradesh;98;;11;4496;pq3;0;Aware of the measures to be taken for wellbeing of the children and school staff;28;0;
Andhra Pradesh;76;;11;4497;pq;0;CWSN students get facilities from school;28;0;
Andhra Pradesh;59;;11;4498;pq2;0;Experienced worry, anxiety and fear during pandemic;28;0;
Andhra Pradesh;85;;11;4499;pq2;0;Follow the Covid-19 hygiene protocols;28;0;
Andhra Pradesh;55;;11;4500;pq2;0;Happy being by myself at home;28;0;
Andhra Pradesh;54;;11;4501;pq1;0;I learnt many things:;28;0;
Andhra Pradesh;98;;11;4502;pq3;0;Know about the school reopening guidelines;28;0;
Andhra Pradesh;52;;11;4503;pq2;0;No Digital Device at Home;28;0;
Andhra Pradesh;96;;11;4504;pq;0;students could understand, what teachers teach in the class;28;0;
Andhra Pradesh;78;;11;4505;pq;0;Students get parental support for their educational achievement;28;0;
Andhra Pradesh;97;;11;4506;pq;0;students like to go to school;28;0;
Andhra Pradesh;77;;11;4507;pq;0;students use home language as medium of instruction in the class;28;0;
Andhra Pradesh;97;;11;4508;pq3;0;Understand the protocols for COVID symptom reporting;28;0;
Andhra Pradesh;42;;11;4842;tq;0;Teachers have adequate instructional material and supplies;28;0;
Andhra Pradesh;55;;11;4843;tq;0;Teachers have adequate work space;28;0;
Andhra Pradesh;89;;11;4844;tq;0;Teachers have responded that the parents take interest in school activities;28;0;
Andhra Pradesh;19;;11;4845;tq;0;Teachers have responded that the school building needs major repair;28;0;
Andhra Pradesh;17;;11;4846;tq;0;Teachers have responded that there are inadequate toilet facilities in school;28;0;
Andhra Pradesh;14;;11;4847;tq;0;Teachers have responded that there is lack of drinking water facilities in school;28;0;
Andhra Pradesh;59;;11;4848;tq;0;Teachers participated in professional development program;28;0;
Andhra Pradesh;38;;11;4849;tq;0;Teachers say that they are overloaded with the work;28;0;
Andhra Pradesh;56;;11;5057;sq;0;of schools have adequate audio visual resources;28;0;
Andhra Pradesh;47;;11;5058;sq;0;of schools have adequate library resources;28;0;
Andhra Pradesh;71;;11;5059;sq;0;of schools have adequate qualified teaching staff;28;0;
Andhra Pradesh;54;;11;5060;sq;0;of schools have adequate supporting staff;28;0;
Andhra Pradesh;94;;11;5061;sq;0;of schools participate in sports activities;28;0;
Karnataka;99;;11;4509;pq3;0;Aware of the measures to be taken for wellbeing of the children and school staff;29;0;
Karnataka;81;;11;4510;pq;0;CWSN students get facilities from school;29;0;
Karnataka;61;;11;4511;pq2;0;Experienced worry, anxiety and fear during pandemic;29;0;
Karnataka;87;;11;4512;pq2;0;Follow the Covid-19 hygiene protocols;29;0;
Karnataka;53;;11;4513;pq2;0;Happy being by myself at home;29;0;
Karnataka;59;;11;4514;pq1;0;I learnt many things:;29;0;
Karnataka;98;;11;4515;pq3;0;Know about the school reopening guidelines;29;0;
Karnataka;49;;11;4516;pq2;0;No Digital Device at Home;29;0;
Karnataka;97;;11;4517;pq;0;students could understand, what teachers teach in the class;29;0;
Karnataka;81;;11;4518;pq;0;Students get parental support for their educational achievement;29;0;
Karnataka;98;;11;4519;pq;0;students like to go to school;29;0;
Karnataka;76;;11;4520;pq;0;students use home language as medium of instruction in the class;29;0;
Karnataka;98;;11;4521;pq3;0;Understand the protocols for COVID symptom reporting;29;0;
Karnataka;38;;11;4850;tq;0;Teachers have adequate instructional material and supplies;29;0;
Karnataka;67;;11;4851;tq;0;Teachers have adequate work space;29;0;
Karnataka;92;;11;4852;tq;0;Teachers have responded that the parents take interest in school activities;29;0;
Karnataka;18;;11;4853;tq;0;Teachers have responded that the school building needs major repair;29;0;
Karnataka;14;;11;4854;tq;0;Teachers have responded that there are inadequate toilet facilities in school;29;0;
Karnataka;9;;11;4855;tq;0;Teachers have responded that there is lack of drinking water facilities in school;29;0;
Karnataka;56;;11;4856;tq;0;Teachers participated in professional development program;29;0;
Karnataka;39;;11;4857;tq;0;Teachers say that they are overloaded with the work;29;0;
Karnataka;52;;11;5062;sq;0;of schools have adequate audio visual resources;29;0;
Karnataka;64;;11;5063;sq;0;of schools have adequate library resources;29;0;
Karnataka;87;;11;5064;sq;0;of schools have adequate qualified teaching staff;29;0;
Karnataka;56;;11;5065;sq;0;of schools have adequate supporting staff;29;0;
Karnataka;97;;11;5066;sq;0;of schools participate in sports activities;29;0;
Goa;98;;11;4522;pq3;0;Aware of the measures to be taken for wellbeing of the children and school staff;30;0;
Goa;87;;11;4523;pq;0;CWSN students get facilities from school;30;0;
Goa;54;;11;4524;pq2;0;Experienced worry, anxiety and fear during pandemic;30;0;
Goa;85;;11;4525;pq2;0;Follow the Covid-19 hygiene protocols;30;0;
Goa;51;;11;4526;pq2;0;Happy being by myself at home;30;0;
Goa;56;;11;4527;pq1;0;I learnt many things:;30;0;
Goa;86;;11;4528;pq3;0;Know about the school reopening guidelines;30;0;
Goa;35;;11;4529;pq2;0;No Digital Device at Home;30;0;
Goa;97;;11;4530;pq;0;students could understand, what teachers teach in the class;30;0;
Goa;81;;11;4531;pq;0;Students get parental support for their educational achievement;30;0;
Goa;98;;11;4532;pq;0;students like to go to school;30;0;
Goa;76;;11;4533;pq;0;students use home language as medium of instruction in the class;30;0;
Goa;96;;11;4534;pq3;0;Understand the protocols for COVID symptom reporting;30;0;
Goa;47;;11;4858;tq;0;Teachers have adequate instructional material and supplies;30;0;
Goa;62;;11;4859;tq;0;Teachers have adequate work space;30;0;
Goa;91;;11;4860;tq;0;Teachers have responded that the parents take interest in school activities;30;0;
Goa;16;;11;4861;tq;0;Teachers have responded that the school building needs major repair;30;0;
Goa;9;;11;4862;tq;0;Teachers have responded that there are inadequate toilet facilities in school;30;0;
Goa;8;;11;4863;tq;0;Teachers have responded that there is lack of drinking water facilities in school;30;0;
Goa;78;;11;4864;tq;0;Teachers participated in professional development program;30;0;
Goa;32;;11;4865;tq;0;Teachers say that they are overloaded with the work;30;0;
Goa;54;;11;5067;sq;0;of schools have adequate audio visual resources;30;0;
Goa;69;;11;5068;sq;0;of schools have adequate library resources;30;0;
Goa;92;;11;5069;sq;0;of schools have adequate qualified teaching staff;30;0;
Goa;74;;11;5070;sq;0;of schools have adequate supporting staff;30;0;
Goa;100;;11;5071;sq;0;of schools participate in sports activities;30;0;
Lakshadweep;99;;11;4535;pq3;0;Aware of the measures to be taken for wellbeing of the children and school staff;31;0;
Lakshadweep;63;;11;4536;pq;0;CWSN students get facilities from school;31;0;
Lakshadweep;60;;11;4537;pq2;0;Experienced worry, anxiety and fear during pandemic;31;0;
Lakshadweep;87;;11;4538;pq2;0;Follow the Covid-19 hygiene protocols;31;0;
Lakshadweep;48;;11;4539;pq2;0;Happy being by myself at home;31;0;
Lakshadweep;55;;11;4540;pq1;0;I learnt many things:;31;0;
Lakshadweep;99;;11;4541;pq3;0;Know about the school reopening guidelines;31;0;
Lakshadweep;39;;11;4542;pq2;0;No Digital Device at Home;31;0;
Lakshadweep;97;;11;4543;pq;0;students could understand, what teachers teach in the class;31;0;
Lakshadweep;89;;11;4544;pq;0;Students get parental support for their educational achievement;31;0;
Lakshadweep;98;;11;4545;pq;0;students like to go to school;31;0;
Lakshadweep;59;;11;4546;pq;0;students use home language as medium of instruction in the class;31;0;
Lakshadweep;99;;11;4547;pq3;0;Understand the protocols for COVID symptom reporting;31;0;
Lakshadweep;8;;11;4866;tq;0;Teachers have adequate instructional material and supplies;31;0;
Lakshadweep;38;;11;4867;tq;0;Teachers have adequate work space;31;0;
Lakshadweep;96;;11;4868;tq;0;Teachers have responded that the parents take interest in school activities;31;0;
Lakshadweep;47;;11;4869;tq;0;Teachers have responded that the school building needs major repair;31;0;
Lakshadweep;20;;11;4870;tq;0;Teachers have responded that there are inadequate toilet facilities in school;31;0;
Lakshadweep;11;;11;4871;tq;0;Teachers have responded that there is lack of drinking water facilities in school;31;0;
Lakshadweep;88;;11;4872;tq;0;Teachers participated in professional development program;31;0;
Lakshadweep;15;;11;4873;tq;0;Teachers say that they are overloaded with the work;31;0;
Lakshadweep;42;;11;5072;sq;0;of schools have adequate audio visual resources;31;0;
Lakshadweep;44;;11;5073;sq;0;of schools have adequate library resources;31;0;
Lakshadweep;75;;11;5074;sq;0;of schools have adequate qualified teaching staff;31;0;
Lakshadweep;39;;11;5075;sq;0;of schools have adequate supporting staff;31;0;
Lakshadweep;100;;11;5076;sq;0;of schools participate in sports activities;31;0;
Kerala;99;;11;4548;pq3;0;Aware of the measures to be taken for wellbeing of the children and school staff;32;0;
Kerala;81;;11;4549;pq;0;CWSN students get facilities from school;32;0;
Kerala;58;;11;4550;pq2;0;Experienced worry, anxiety and fear during pandemic;32;0;
Kerala;88;;11;4551;pq2;0;Follow the Covid-19 hygiene protocols;32;0;
Kerala;55;;11;4552;pq2;0;Happy being by myself at home;32;0;
Kerala;59;;11;4553;pq1;0;I learnt many things:;32;0;
Kerala;99;;11;4554;pq3;0;Know about the school reopening guidelines;32;0;
Kerala;36;;11;4555;pq2;0;No Digital Device at Home;32;0;
Kerala;97;;11;4556;pq;0;students could understand, what teachers teach in the class;32;0;
Kerala;86;;11;4557;pq;0;Students get parental support for their educational achievement;32;0;
Kerala;98;;11;4558;pq;0;students like to go to school;32;0;
Kerala;81;;11;4559;pq;0;students use home language as medium of instruction in the class;32;0;
Kerala;99;;11;4560;pq3;0;Understand the protocols for COVID symptom reporting;32;0;
Kerala;53;;11;4874;tq;0;Teachers have adequate instructional material and supplies;32;0;
Kerala;73;;11;4875;tq;0;Teachers have adequate work space;32;0;
Kerala;99;;11;4876;tq;0;Teachers have responded that the parents take interest in school activities;32;0;
Kerala;16;;11;4877;tq;0;Teachers have responded that the school building needs major repair;32;0;
Kerala;7;;11;4878;tq;0;Teachers have responded that there are inadequate toilet facilities in school;32;0;
Kerala;6;;11;4879;tq;0;Teachers have responded that there is lack of drinking water facilities in school;32;0;
Kerala;82;;11;4880;tq;0;Teachers participated in professional development program;32;0;
Kerala;43;;11;4881;tq;0;Teachers say that they are overloaded with the work;32;0;
Kerala;69;;11;5077;sq;0;of schools have adequate audio visual resources;32;0;
Kerala;72;;11;5078;sq;0;of schools have adequate library resources;32;0;
Kerala;96;;11;5079;sq;0;of schools have adequate qualified teaching staff;32;0;
Kerala;82;;11;5080;sq;0;of schools have adequate supporting staff;32;0;
Kerala;99;;11;5081;sq;0;of schools participate in sports activities;32;0;
Tamil Nadu;99;;11;4561;pq3;0;Aware of the measures to be taken for wellbeing of the children and school staff;33;0;
Tamil Nadu;76;;11;4562;pq;0;CWSN students get facilities from school;33;0;
Tamil Nadu;57;;11;4563;pq2;0;Experienced worry, anxiety and fear during pandemic;33;0;
Tamil Nadu;87;;11;4564;pq2;0;Follow the Covid-19 hygiene protocols;33;0;
Tamil Nadu;56;;11;4565;pq2;0;Happy being by myself at home;33;0;
Tamil Nadu;54;;11;4566;pq1;0;I learnt many things:;33;0;
Tamil Nadu;99;;11;4567;pq3;0;Know about the school reopening guidelines;33;0;
Tamil Nadu;46;;11;4568;pq2;0;No Digital Device at Home;33;0;
Tamil Nadu;96;;11;4569;pq;0;students could understand, what teachers teach in the class;33;0;
Tamil Nadu;77;;11;4570;pq;0;Students get parental support for their educational achievement;33;0;
Tamil Nadu;96;;11;4571;pq;0;students like to go to school;33;0;
Tamil Nadu;81;;11;4572;pq;0;students use home language as medium of instruction in the class;33;0;
Tamil Nadu;98;;11;4573;pq3;0;Understand the protocols for COVID symptom reporting;33;0;
Tamil Nadu;59;;11;4882;tq;0;Teachers have adequate instructional material and supplies;33;0;
Tamil Nadu;68;;11;4883;tq;0;Teachers have adequate work space;33;0;
Tamil Nadu;89;;11;4884;tq;0;Teachers have responded that the parents take interest in school activities;33;0;
Tamil Nadu;19;;11;4885;tq;0;Teachers have responded that the school building needs major repair;33;0;
Tamil Nadu;13;;11;4886;tq;0;Teachers have responded that there are inadequate toilet facilities in school;33;0;
Tamil Nadu;11;;11;4887;tq;0;Teachers have responded that there is lack of drinking water facilities in school;33;0;
Tamil Nadu;44;;11;4888;tq;0;Teachers participated in professional development program;33;0;
Tamil Nadu;60;;11;4889;tq;0;Teachers say that they are overloaded with the work;33;0;
Tamil Nadu;69;;11;5082;sq;0;of schools have adequate audio visual resources;33;0;
Tamil Nadu;79;;11;5083;sq;0;of schools have adequate library resources;33;0;
Tamil Nadu;90;;11;5084;sq;0;of schools have adequate qualified teaching staff;33;0;
Tamil Nadu;68;;11;5085;sq;0;of schools have adequate supporting staff;33;0;
Tamil Nadu;95;;11;5086;sq;0;of schools participate in sports activities;33;0;
Puducherry;99;;11;4574;pq3;0;Aware of the measures to be taken for wellbeing of the children and school staff;34;0;
Puducherry;83;;11;4575;pq;0;CWSN students get facilities from school;34;0;
Puducherry;57;;11;4576;pq2;0;Experienced worry, anxiety and fear during pandemic;34;0;
Puducherry;88;;11;4577;pq2;0;Follow the Covid-19 hygiene protocols;34;0;
Puducherry;62;;11;4578;pq2;0;Happy being by myself at home;34;0;
Puducherry;57;;11;4579;pq1;0;I learnt many things:;34;0;
Puducherry;98;;11;4580;pq3;0;Know about the school reopening guidelines;34;0;
Puducherry;42;;11;4581;pq2;0;No Digital Device at Home;34;0;
Puducherry;97;;11;4582;pq;0;students could understand, what teachers teach in the class;34;0;
Puducherry;84;;11;4583;pq;0;Students get parental support for their educational achievement;34;0;
Puducherry;98;;11;4584;pq;0;students like to go to school;34;0;
Puducherry;76;;11;4585;pq;0;students use home language as medium of instruction in the class;34;0;
Puducherry;98;;11;4586;pq3;0;Understand the protocols for COVID symptom reporting;34;0;
Puducherry;53;;11;4890;tq;0;Teachers have adequate instructional material and supplies;34;0;
Puducherry;66;;11;4891;tq;0;Teachers have adequate work space;34;0;
Puducherry;91;;11;4892;tq;0;Teachers have responded that the parents take interest in school activities;34;0;
Puducherry;19;;11;4893;tq;0;Teachers have responded that the school building needs major repair;34;0;
Puducherry;14;;11;4894;tq;0;Teachers have responded that there are inadequate toilet facilities in school;34;0;
Puducherry;13;;11;4895;tq;0;Teachers have responded that there is lack of drinking water facilities in school;34;0;
Puducherry;54;;11;4896;tq;0;Teachers participated in professional development program;34;0;
Puducherry;55;;11;4897;tq;0;Teachers say that they are overloaded with the work;34;0;
Puducherry;73;;11;5087;sq;0;of schools have adequate audio visual resources;34;0;
Puducherry;85;;11;5088;sq;0;of schools have adequate library resources;34;0;
Puducherry;92;;11;5089;sq;0;of schools have adequate qualified teaching staff;34;0;
Puducherry;66;;11;5090;sq;0;of schools have adequate supporting staff;34;0;
Puducherry;99;;11;5091;sq;0;of schools participate in sports activities;34;0;
Andaman & Nicobar Islands;99;;11;4587;pq3;0;Aware of the measures to be taken for wellbeing of the children and school staff;35;0;
Andaman & Nicobar Islands;78;;11;4588;pq;0;CWSN students get facilities from school;35;0;
Andaman & Nicobar Islands;55;;11;4589;pq2;0;Experienced worry, anxiety and fear during pandemic;35;0;
Andaman & Nicobar Islands;87;;11;4590;pq2;0;Follow the Covid-19 hygiene protocols;35;0;
Andaman & Nicobar Islands;55;;11;4591;pq2;0;Happy being by myself at home;35;0;
Andaman & Nicobar Islands;56;;11;4592;pq1;0;I learnt many things:;35;0;
Andaman & Nicobar Islands;99;;11;4593;pq3;0;Know about the school reopening guidelines;35;0;
Andaman & Nicobar Islands;35;;11;4594;pq2;0;No Digital Device at Home;35;0;
Andaman & Nicobar Islands;96;;11;4595;pq;0;students could understand, what teachers teach in the class;35;0;
Andaman & Nicobar Islands;82;;11;4596;pq;0;Students get parental support for their educational achievement;35;0;
Andaman & Nicobar Islands;98;;11;4597;pq;0;students like to go to school;35;0;
Andaman & Nicobar Islands;65;;11;4598;pq;0;students use home language as medium of instruction in the class;35;0;
Andaman & Nicobar Islands;99;;11;4599;pq3;0;Understand the protocols for COVID symptom reporting;35;0;
Andaman & Nicobar Islands;30;;11;4898;tq;0;Teachers have adequate instructional material and supplies;35;0;
Andaman & Nicobar Islands;42;;11;4899;tq;0;Teachers have adequate work space;35;0;
Andaman & Nicobar Islands;95;;11;4900;tq;0;Teachers have responded that the parents take interest in school activities;35;0;
Andaman & Nicobar Islands;27;;11;4901;tq;0;Teachers have responded that the school building needs major repair;35;0;
Andaman & Nicobar Islands;21;;11;4902;tq;0;Teachers have responded that there are inadequate toilet facilities in school;35;0;
Andaman & Nicobar Islands;21;;11;4903;tq;0;Teachers have responded that there is lack of drinking water facilities in school;35;0;
Andaman & Nicobar Islands;66;;11;4904;tq;0;Teachers participated in professional development program;35;0;
Andaman & Nicobar Islands;23;;11;4905;tq;0;Teachers say that they are overloaded with the work;35;0;
Andaman & Nicobar Islands;60;;11;5092;sq;0;of schools have adequate audio visual resources;35;0;
Andaman & Nicobar Islands;81;;11;5093;sq;0;of schools have adequate library resources;35;0;
Andaman & Nicobar Islands;83;;11;5094;sq;0;of schools have adequate qualified teaching staff;35;0;
Andaman & Nicobar Islands;63;;11;5095;sq;0;of schools have adequate supporting staff;35;0;
Andaman & Nicobar Islands;99;;11;5096;sq;0;of schools participate in sports activities;35;0;
Telangana;97;;11;4600;pq3;0;Aware of the measures to be taken for wellbeing of the children and school staff;36;0;
Telangana;73;;11;4601;pq;0;CWSN students get facilities from school;36;0;
Telangana;61;;11;4602;pq2;0;Experienced worry, anxiety and fear during pandemic;36;0;
Telangana;82;;11;4603;pq2;0;Follow the Covid-19 hygiene protocols;36;0;
Telangana;57;;11;4604;pq2;0;Happy being by myself at home;36;0;
Telangana;53;;11;4605;pq1;0;I learnt many things:;36;0;
Telangana;97;;11;4606;pq3;0;Know about the school reopening guidelines;36;0;
Telangana;47;;11;4607;pq2;0;No Digital Device at Home;36;0;
Telangana;94;;11;4608;pq;0;students could understand, what teachers teach in the class;36;0;
Telangana;77;;11;4609;pq;0;Students get parental support for their educational achievement;36;0;
Telangana;96;;11;4610;pq;0;students like to go to school;36;0;
Telangana;70;;11;4611;pq;0;students use home language as medium of instruction in the class;36;0;
Telangana;96;;11;4612;pq3;0;Understand the protocols for COVID symptom reporting;36;0;
Telangana;36;;11;4906;tq;0;Teachers have adequate instructional material and supplies;36;0;
Telangana;50;;11;4907;tq;0;Teachers have adequate work space;36;0;
Telangana;87;;11;4908;tq;0;Teachers have responded that the parents take interest in school activities;36;0;
Telangana;25;;11;4909;tq;0;Teachers have responded that the school building needs major repair;36;0;
Telangana;28;;11;4910;tq;0;Teachers have responded that there are inadequate toilet facilities in school;36;0;
Telangana;19;;11;4911;tq;0;Teachers have responded that there is lack of drinking water facilities in school;36;0;
Telangana;53;;11;4912;tq;0;Teachers participated in professional development program;36;0;
Telangana;36;;11;4913;tq;0;Teachers say that they are overloaded with the work;36;0;
Telangana;56;;11;5097;sq;0;of schools have adequate audio visual resources;36;0;
Telangana;43;;11;5098;sq;0;of schools have adequate library resources;36;0;
Telangana;77;;11;5099;sq;0;of schools have adequate qualified teaching staff;36;0;
Telangana;53;;11;5100;sq;0;of schools have adequate supporting staff;36;0;
Telangana;94;;11;5101;sq;0;of schools participate in sports activities;36;0;
Ladakh;95;;11;4613;pq3;0;Aware of the measures to be taken for wellbeing of the children and school staff;37;0;
Ladakh;77;;11;4614;pq;0;CWSN students get facilities from school;37;0;
Ladakh;60;;11;4615;pq2;0;Experienced worry, anxiety and fear during pandemic;37;0;
Ladakh;86;;11;4616;pq2;0;Follow the Covid-19 hygiene protocols;37;0;
Ladakh;54;;11;4617;pq2;0;Happy being by myself at home;37;0;
Ladakh;54;;11;4618;pq1;0;I learnt many things:;37;0;
Ladakh;95;;11;4619;pq3;0;Know about the school reopening guidelines;37;0;
Ladakh;44;;11;4620;pq2;0;No Digital Device at Home;37;0;
Ladakh;95;;11;4621;pq;0;students could understand, what teachers teach in the class;37;0;
Ladakh;82;;11;4622;pq;0;Students get parental support for their educational achievement;37;0;
Ladakh;97;;11;4623;pq;0;students like to go to school;37;0;
Ladakh;79;;11;4624;pq;0;students use home language as medium of instruction in the class;37;0;
Ladakh;96;;11;4625;pq3;0;Understand the protocols for COVID symptom reporting;37;0;
Ladakh;13;;11;4914;tq;0;Teachers have adequate instructional material and supplies;37;0;
Ladakh;28;;11;4915;tq;0;Teachers have adequate work space;37;0;
Ladakh;75;;11;4916;tq;0;Teachers have responded that the parents take interest in school activities;37;0;
Ladakh;36;;11;4917;tq;0;Teachers have responded that the school building needs major repair;37;0;
Ladakh;39;;11;4918;tq;0;Teachers have responded that there are inadequate toilet facilities in school;37;0;
Ladakh;37;;11;4919;tq;0;Teachers have responded that there is lack of drinking water facilities in school;37;0;
Ladakh;42;;11;4920;tq;0;Teachers participated in professional development program;37;0;
Ladakh;21;;11;4921;tq;0;Teachers say that they are overloaded with the work;37;0;
Ladakh;30;;11;5102;sq;0;of schools have adequate audio visual resources;37;0;
Ladakh;30;;11;5103;sq;0;of schools have adequate library resources;37;0;
Ladakh;57;;11;5104;sq;0;of schools have adequate qualified teaching staff;37;0;
Ladakh;45;;11;5105;sq;0;of schools have adequate supporting staff;37;0;
Ladakh;94;;11;5106;sq;0;of schools participate in sports activities;37;0;
