state_name;grade;subject;state_id;boys_score;boys_standard error;girls_score;girls_standard error;category
Andaman & Nicobar Islands;3;evs;35;300.83;0;302.18;0;2
Andhra Pradesh;3;evs;28;296.06;0;299.24;0;2
Arunachal Pradesh;3;evs;12;286.82;0;285.84;0;0
Assam;3;evs;18;310.45;0;315.12;0;2
Bihar;3;evs;10;300.87;0;300.23;0;0
Chandigarh;3;evs;4;312.03;0;313.94;0;2
Chhattisgarh;3;evs;22;288.25;0;289.87;0;2
Dadra & Nagar Haveli;3;evs;26;273.63;0;279.92;0;2
Daman & Diu;3;evs;25;293.09;0;294.11;0;2
Delhi;3;evs;7;286.36;0;290.35;0;2
Goa;3;evs;30;306.16;0;313.62;0;2
Gujarat;3;evs;24;311.07;0;314.1;0;2
Haryana;3;evs;6;297.15;0;302.71;0;2
Himachal Pradesh;3;evs;2;300.64;0;303.53;0;2
Jammu & Kashmir;3;evs;1;308.04;0;312.73;0;2
Jharkhand;3;evs;20;298.7;0;299.8;0;2
Karnataka;3;evs;29;305.69;0;308.2;0;2
Kerala;3;evs;32;314.9;0;319.92;0;2
Ladakh;3;evs;37;293.51;0;294.73;0;2
Lakshadweep;3;evs;31;300.3;0;306.32;0;2
Madhya Pradesh;3;evs;23;314.65;0;316.44;0;2
Maharashtra;3;evs;27;313.76;0;318.25;0;2
Manipur;3;evs;14;313.18;0;318.71;0;2
Meghalaya;3;evs;17;292.72;0;290.62;0;0
Mizoram;3;evs;15;311.29;0;308.01;0;0
Nagaland;3;evs;13;299.59;0;306.41;0;2
Odisha;3;evs;21;308.02;0;309.5;0;2
Puducherry;3;evs;34;318.81;0;311.38;0;0
Punjab;3;evs;3;330.84;0;337.57;0;2
Rajasthan;3;evs;8;321.64;0;322.96;0;2
Sikkim;3;evs;11;307.14;0;311.63;0;2
Tamil Nadu;3;evs;33;302.82;0;305.6;0;2
Telangana;3;evs;36;280.32;0;282.67;0;2
Tripura;3;evs;16;297.21;0;297;0;1
Uttar Pradesh;3;evs;9;300.16;0;300.46;0;1
Uttarakhand;3;evs;5;296.48;0;296.55;0;1
West Bengal;3;evs;19;312.96;0;315.95;0;2
National Average;3;evs;0;302.87;0;305.3;0;3
Andaman & Nicobar Islands;3;language;35;321.2988959;0;324.68;0;2
Andhra Pradesh;3;language;28;308.5196296;0;313.41;0;2
Arunachal Pradesh;3;language;12;299.8700816;0;298.86;0;0
Assam;3;language;18;323.8502139;0;328.48;0;2
Bihar;3;language;10;316.7087997;0;316.39;0;1
Chandigarh;3;language;4;332.3409488;0;337.12;0;2
Chhattisgarh;3;language;22;299.3646241;0;301.93;0;2
Dadra & Nagar Haveli;3;language;26;281.8616949;0;298.42;0;2
Daman & Diu;3;language;25;304.2515299;0;307.57;0;2
Delhi;3;language;7;300.515012;0;304.58;0;2
Goa;3;language;30;321.2250568;0;333.38;0;2
Gujarat;3;language;24;328.1569306;0;331.62;0;2
Haryana;3;language;6;311.1485885;0;319.33;0;2
Himachal Pradesh;3;language;2;315.2456437;0;322.55;0;2
Jammu & Kashmir;3;language;1;329.1812738;0;336.8;0;2
Jharkhand;3;language;20;313.5572262;0;314.02;0;1
Karnataka;3;language;29;320.638675;0;324.94;0;2
Kerala;3;language;32;337.1738895;0;345.63;0;2
Ladakh;3;language;37;303.6800902;0;315.51;0;2
Lakshadweep;3;language;31;310.0565619;0;327.58;0;2
Madhya Pradesh;3;language;23;329.3265857;0;332.36;0;2
Maharashtra;3;language;27;329.4062178;0;336.54;0;2
Manipur;3;language;14;329.8403946;0;334.8;0;2
Meghalaya;3;language;17;302.9794449;0;303.18;0;1
Mizoram;3;language;15;331.3423206;0;333.35;0;2
Nagaland;3;language;13;315.5596011;0;322.72;0;2
Odisha;3;language;21;329.5043843;0;331.28;0;2
Puducherry;3;language;34;329.4750072;0;331.4;0;2
Punjab;3;language;3;349.9827351;0;360.02;0;2
Rajasthan;3;language;8;338.2003926;0;340.35;0;2
Sikkim;3;language;11;326.4058609;0;335.4;0;2
Tamil Nadu;3;language;33;318.3470136;0;321.95;0;2
Telangana;3;language;36;292.5372248;0;294.66;0;2
Tripura;3;language;16;311.0863884;0;315.19;0;2
Uttar Pradesh;3;language;9;312.4417467;0;314.66;0;2
Uttarakhand;3;language;5;309.2418416;0;312.58;0;2
West Bengal;3;language;19;334.7151972;0;339.7;0;2
National Average;3;language;0;318.08;0;323.32;0;3
Andaman & Nicobar Islands;3;math;35;292.23;0;288.4;0;0
Andhra Pradesh;3;math;28;296.99;0;299.9;0;2
Arunachal Pradesh;3;math;12;279.37;0;274.97;0;0
Assam;3;math;18;312.75;0;315.37;0;2
Bihar;3;math;10;305.09;0;303.6;0;0
Chandigarh;3;math;4;312.49;0;309.35;0;0
Chhattisgarh;3;math;22;283.2;0;282.41;0;1
Dadra & Nagar Haveli;3;math;26;266.55;0;278.2;0;2
Daman & Diu;3;math;25;296.3;0;291.01;0;0
Delhi;3;math;7;282.03;0;282.73;0;1
Goa;3;math;30;298.46;0;299.16;0;1
Gujarat;3;math;24;309.22;0;310.65;0;2
Haryana;3;math;6;298.43;0;300.04;0;2
Himachal Pradesh;3;math;2;294.92;0;296.96;0;2
Jammu & Kashmir;3;math;1;308.95;0;310.31;0;2
Jharkhand;3;math;20;298.32;0;296.95;0;0
Karnataka;3;math;29;304.38;0;306.8;0;2
Kerala;3;math;32;311.49;0;314.14;0;2
Ladakh;3;math;37;280.57;0;286.42;0;2
Lakshadweep;3;math;31;296.29;0;299.96;0;2
Madhya Pradesh;3;math;23;314.35;0;315.03;0;1
Maharashtra;3;math;27;313.98;0;317.12;0;2
Manipur;3;math;14;306.84;0;313;0;2
Meghalaya;3;math;17;281.1;0;277.1;0;0
Mizoram;3;math;15;303.38;0;302.95;0;1
Nagaland;3;math;13;289.42;0;294.32;0;2
Odisha;3;math;21;313.34;0;313.14;0;1
Puducherry;3;math;34;310.05;0;310.02;0;1
Punjab;3;math;3;337.18;0;341.57;0;2
Rajasthan;3;math;8;324.99;0;325.32;0;1
Sikkim;3;math;11;298.26;0;297.69;0;1
Tamil Nadu;3;math;33;302.17;0;304.92;0;2
Telangana;3;math;36;277.35;0;278.01;0;1
Tripura;3;math;16;293.01;0;291.76;0;0
Uttar Pradesh;3;math;9;298.66;0;298;0;1
Uttarakhand;3;math;5;293.05;0;289.25;0;0
West Bengal;3;math;19;313.57;0;313.47;0;1
National Average;3;math;0;299.97;0;300.81;0;3
Andaman & Nicobar Islands;5;evs;35;281.03;0;284.94;0;2
Andhra Pradesh;5;evs;28;267.33;0;272.62;0;2
Arunachal Pradesh;5;evs;12;271.18;0;271.32;0;1
Assam;5;evs;18;289.38;0;292.68;0;2
Bihar;5;evs;10;279.82;0;280.16;0;1
Chandigarh;5;evs;4;287.43;0;297.12;0;2
Chhattisgarh;5;evs;22;267.17;0;270.57;0;2
Dadra & Nagar Haveli;5;evs;26;257.37;0;263.74;0;2
Daman & Diu;5;evs;25;263.31;0;277.59;0;2
Delhi;5;evs;7;273.81;0;274.96;0;2
Goa;5;evs;30;275.08;0;280.56;0;2
Gujarat;5;evs;24;284.7;0;288.48;0;2
Haryana;5;evs;6;280.24;0;286.69;0;2
Himachal Pradesh;5;evs;2;274.26;0;275.4;0;2
Jammu & Kashmir;5;evs;1;293.48;0;300.74;0;2
Jharkhand;5;evs;20;276.5;0;278.62;0;2
Karnataka;5;evs;29;275.1;0;281.12;0;2
Kerala;5;evs;32;278.99;0;285.65;0;2
Ladakh;5;evs;37;280.6;0;289.32;0;2
Lakshadweep;5;evs;31;274.18;0;277.25;0;2
Madhya Pradesh;5;evs;23;294.26;0;299.73;0;2
Maharashtra;5;evs;27;287.75;0;293.39;0;2
Manipur;5;evs;14;284.18;0;290.84;0;2
Meghalaya;5;evs;17;265.04;0;264.64;0;1
Mizoram;5;evs;15;269.06;0;270.68;0;2
Nagaland;5;evs;13;270.92;0;276.74;0;2
Odisha;5;evs;21;282.8;0;281.7;0;0
Puducherry;5;evs;34;291.32;0;287.74;0;0
Punjab;5;evs;3;305.62;0;313.9;0;2
Rajasthan;5;evs;8;301.93;0;305.44;0;2
Sikkim;5;evs;11;276.78;0;275.61;0;0
Tamil Nadu;5;evs;33;274.23;0;279.67;0;2
Telangana;5;evs;36;257.84;0;261.15;0;2
Tripura;5;evs;16;274.74;0;279.04;0;2
Uttar Pradesh;5;evs;9;278.21;0;279.03;0;1
Uttarakhand;5;evs;5;274.74;0;280.95;0;2
West Bengal;5;evs;19;292.33;0;291.79;0;1
National Average;5;evs;0;278.72;0;282.74;0;3
Andaman & Nicobar Islands;5;language;35;303.73;0;317.34;0;2
Andhra Pradesh;5;language;28;290.71;0;297.08;0;2
Arunachal Pradesh;5;language;12;301.56;0;298.49;0;0
Assam;5;language;18;309.59;0;314.55;0;2
Bihar;5;language;10;304.88;0;304.53;0;1
Chandigarh;5;language;4;319.03;0;331.93;0;2
Chhattisgarh;5;language;22;292.24;0;298.43;0;2
Dadra & Nagar Haveli;5;language;26;283.15;0;287.64;0;2
Daman & Diu;5;language;25;292.07;0;301.6;0;2
Delhi;5;language;7;302.1;0;306.74;0;2
Goa;5;language;30;306.73;0;315.78;0;2
Gujarat;5;language;24;304.42;0;309.65;0;2
Haryana;5;language;6;307.82;0;317.22;0;2
Himachal Pradesh;5;language;2;301.7;0;307.31;0;2
Jammu & Kashmir;5;language;1;318.57;0;327.54;0;2
Jharkhand;5;language;20;301.28;0;304.47;0;2
Karnataka;5;language;29;308.03;0;316.66;0;2
Kerala;5;language;32;307.07;0;319.25;0;2
Ladakh;5;language;37;304.45;0;313.96;0;2
Lakshadweep;5;language;31;298.15;0;301.97;0;2
Madhya Pradesh;5;language;23;313.19;0;319.26;0;2
Maharashtra;5;language;27;312.67;0;320.62;0;2
Manipur;5;language;14;314.92;0;328.62;0;2
Meghalaya;5;language;17;294.09;0;293.55;0;1
Mizoram;5;language;15;299.66;0;303.75;0;2
Nagaland;5;language;13;301.85;0;310.21;0;2
Odisha;5;language;21;304.83;0;306.08;0;2
Puducherry;5;language;34;319.84;0;320.69;0;1
Punjab;5;language;3;334.5;0;344.43;0;2
Rajasthan;5;language;8;323.14;0;328.46;0;2
Sikkim;5;language;11;304.78;0;314.38;0;2
Tamil Nadu;5;language;33;295.01;0;301.63;0;2
Telangana;5;language;36;283.19;0;288.22;0;2
Tripura;5;language;16;299.5;0;308.65;0;2
Uttar Pradesh;5;language;9;301.09;0;303.28;0;2
Uttarakhand;5;language;5;300.79;0;308;0;2
West Bengal;5;language;19;316.85;0;319.71;0;2
National Average;5;language;0;304.79;0;311.13;0;3
Andaman & Nicobar Islands;5;math;35;277.3;0;278.04;0;1
Andhra Pradesh;5;math;28;275.03;0;275.89;0;1
Arunachal Pradesh;5;math;12;269.24;0;267.79;0;0
Assam;5;math;18;291.17;0;290.09;0;0
Bihar;5;math;10;284.55;0;280.94;0;0
Chandigarh;5;math;4;295.84;0;293.63;0;0
Chhattisgarh;5;math;22;266.2;0;264.95;0;0
Dadra & Nagar Haveli;5;math;26;265.13;0;262.87;0;0
Daman & Diu;5;math;25;270.85;0;276.3;0;2
Delhi;5;math;7;275.64;0;270.13;0;0
Goa;5;math;30;274.36;0;273.7;0;1
Gujarat;5;math;24;286.46;0;286.55;0;1
Haryana;5;math;6;285.05;0;286.25;0;2
Himachal Pradesh;5;math;2;271.67;0;268.74;0;0
Jammu & Kashmir;5;math;1;293.97;0;292.55;0;0
Jharkhand;5;math;20;277.33;0;275.11;0;0
Karnataka;5;math;29;282.74;0;286.34;0;2
Kerala;5;math;32;278.21;0;279.86;0;2
Ladakh;5;math;37;282.01;0;276.94;0;0
Lakshadweep;5;math;31;279.59;0;280.77;0;2
Madhya Pradesh;5;math;23;294.83;0;296.21;0;2
Maharashtra;5;math;27;286.47;0;288.28;0;2
Manipur;5;math;14;284.33;0;286.79;0;2
Meghalaya;5;math;17;263.5;0;260.94;0;0
Mizoram;5;math;15;269.98;0;270.47;0;1
Nagaland;5;math;13;265.44;0;269.06;0;2
Odisha;5;math;21;292.06;0;288.93;0;0
Puducherry;5;math;34;295.58;0;287.07;0;0
Punjab;5;math;3;315.28;0;317.29;0;2
Rajasthan;5;math;8;305.3;0;307.08;0;2
Sikkim;5;math;11;271.78;0;265.6;0;0
Tamil Nadu;5;math;33;277.83;0;280.63;0;2
Telangana;5;math;36;264.16;0;266.62;0;2
Tripura;5;math;16;273.72;0;275.54;0;2
Uttar Pradesh;5;math;9;279.37;0;276.84;0;0
Uttarakhand;5;math;5;275.18;0;274.93;0;1
West Bengal;5;math;19;291.2;0;286.25;0;0
National Average;5;math;0;280.77;0;280.16;0;3
Andaman & Nicobar Islands;8;language;35;302.46;0;311.46;0;2
Andhra Pradesh;8;language;28;287.85;0;296.33;0;2
Arunachal Pradesh;8;language;12;307.18;0;309.28;0;2
Assam;8;language;18;289.8;0;288.15;0;0
Bihar;8;language;10;296.1;0;287.08;0;0
Chandigarh;8;language;4;331.95;0;336.75;0;2
Chhattisgarh;8;language;22;290.03;0;298.73;0;2
Dadra & Nagar Haveli;8;language;26;307.89;0;314.27;0;2
Daman & Diu;8;language;25;294.46;0;308.58;0;2
Delhi;8;language;7;308.34;0;323.38;0;2
Goa;8;language;30;312.6;0;334.45;0;2
Gujarat;8;language;24;302.76;0;314.73;0;2
Haryana;8;language;6;316.95;0;332.72;0;2
Himachal Pradesh;8;language;2;308.27;0;321.62;0;2
Jammu & Kashmir;8;language;1;310.24;0;327.1;0;2
Jharkhand;8;language;20;298;0;298.15;0;1
Karnataka;8;language;29;291.8;0;302.58;0;2
Kerala;8;language;32;298.22;0;324.69;0;2
Ladakh;8;language;37;311.36;0;330.12;0;2
Lakshadweep;8;language;31;289.63;0;315.36;0;2
Madhya Pradesh;8;language;23;303.32;0;308.3;0;2
Maharashtra;8;language;27;304.93;0;315.79;0;2
Manipur;8;language;14;316.17;0;323.59;0;2
Meghalaya;8;language;17;276.45;0;281.82;0;2
Mizoram;8;language;15;293.77;0;300.25;0;2
Nagaland;8;language;13;308.43;0;316.2;0;2
Odisha;8;language;21;299.54;0;305.34;0;2
Puducherry;8;language;34;303.97;0;323.56;0;2
Punjab;8;language;3;328.25;0;347.06;0;2
Rajasthan;8;language;8;316.49;0;322.87;0;2
Sikkim;8;language;11;304.64;0;318.39;0;2
Tamil Nadu;8;language;33;273.37;0;293.05;0;2
Telangana;8;language;36;283.09;0;294.72;0;2
Tripura;8;language;16;298.56;0;307.08;0;2
Uttar Pradesh;8;language;9;287.26;0;285.26;0;0
Uttarakhand;8;language;5;302.81;0;312.66;0;2
West Bengal;8;language;19;316.76;0;313.81;0;0
National Average;8;language;0;301.99;0;312.03;0;3
Andaman & Nicobar Islands;8;math;35;244.26;0;249.84;0;2
Andhra Pradesh;8;math;28;249.39;0;250.9;0;2
Arunachal Pradesh;8;math;12;244.71;0;240.14;0;0
Assam;8;math;18;254.83;0;254.29;0;1
Bihar;8;math;10;267.71;0;256.67;0;0
Chandigarh;8;math;4;284.34;0;285.66;0;2
Chhattisgarh;8;math;22;237.87;0;235.42;0;0
Dadra & Nagar Haveli;8;math;26;249.43;0;243.56;0;0
Daman & Diu;8;math;25;246.48;0;255.35;0;2
Delhi;8;math;7;255.93;0;250.9;0;0
Goa;8;math;30;245.38;0;239.39;0;0
Gujarat;8;math;24;253.2;0;255.74;0;2
Haryana;8;math;6;271.87;0;272.64;0;1
Himachal Pradesh;8;math;2;247.8;0;247.18;0;1
Jammu & Kashmir;8;math;1;264.02;0;264.2;0;1
Jharkhand;8;math;20;259.69;0;252.57;0;0
Karnataka;8;math;29;248.78;0;252.55;0;2
Kerala;8;math;32;239.76;0;241.08;0;2
Ladakh;8;math;37;250.63;0;255.28;0;2
Lakshadweep;8;math;31;244.6;0;249.76;0;2
Madhya Pradesh;8;math;23;269.79;0;270.53;0;1
Maharashtra;8;math;27;249.53;0;250.45;0;1
Manipur;8;math;14;259.41;0;258.39;0;0
Meghalaya;8;math;17;232.18;0;230.99;0;0
Mizoram;8;math;15;241.18;0;239.14;0;0
Nagaland;8;math;13;238.71;0;237.72;0;1
Odisha;8;math;21;262.56;0;258.79;0;0
Puducherry;8;math;34;251.92;0;252.53;0;1
Punjab;8;math;3;289.41;0;304.22;0;2
Rajasthan;8;math;8;284.17;0;287.41;0;2
Sikkim;8;math;11;236.38;0;237.42;0;2
Tamil Nadu;8;math;33;235.95;0;238.48;0;2
Telangana;8;math;36;242.76;0;242.7;0;1
Tripura;8;math;16;250.34;0;252.79;0;2
Uttar Pradesh;8;math;9;250.3;0;243.74;0;0
Uttarakhand;8;math;5;254.17;0;251.9;0;0
West Bengal;8;math;19;264.03;0;253.4;0;0
National Average;8;math;0;253.34;0;253.07;0;3
Andaman & Nicobar Islands;8;sci;35;256.72;0;250.72;0;0
Andhra Pradesh;8;sci;28;236.85;0;236.99;0;1
Arunachal Pradesh;8;sci;12;252.88;0;245.04;0;0
Assam;8;sci;18;247.87;0;241.73;0;0
Bihar;8;sci;10;254.36;0;242.79;0;0
Chandigarh;8;sci;4;286.41;0;283.57;0;0
Chhattisgarh;8;sci;22;241.44;0;239.74;0;0
Dadra & Nagar Haveli;8;sci;26;247.81;0;244.36;0;0
Daman & Diu;8;sci;25;242.75;0;249.38;0;2
Delhi;8;sci;7;256.32;0;258.29;0;2
Goa;8;sci;30;258.01;0;260.37;0;2
Gujarat;8;sci;24;251.41;0;255.03;0;2
Haryana;8;sci;6;266;0;270.58;0;2
Himachal Pradesh;8;sci;2;252.11;0;254.72;0;2
Jammu & Kashmir;8;sci;1;263.76;0;274.52;0;2
Jharkhand;8;sci;20;251.83;0;247.45;0;0
Karnataka;8;sci;29;246.74;0;249.19;0;2
Kerala;8;sci;32;246.55;0;257.27;0;2
Ladakh;8;sci;37;250.78;0;263.08;0;2
Lakshadweep;8;sci;31;244.67;0;245.85;0;2
Madhya Pradesh;8;sci;23;258.32;0;258.3;0;1
Maharashtra;8;sci;27;248.06;0;248.5;0;1
Manipur;8;sci;14;261.08;0;262.22;0;2
Meghalaya;8;sci;17;229.29;0;228.95;0;1
Mizoram;8;sci;15;240.98;0;240.5;0;1
Nagaland;8;sci;13;247.98;0;244.96;0;0
Odisha;8;sci;21;255.94;0;250.95;0;0
Puducherry;8;sci;34;259.95;0;257.03;0;0
Punjab;8;sci;3;281.8;0;291.89;0;2
Rajasthan;8;sci;8;275.31;0;276.75;0;2
Sikkim;8;sci;11;245.99;0;249.19;0;2
Tamil Nadu;8;sci;33;228.59;0;235.11;0;2
Telangana;8;sci;36;236.07;0;234.81;0;0
Tripura;8;sci;16;250.45;0;253.32;0;2
Uttar Pradesh;8;sci;9;241.88;0;233;0;0
Uttarakhand;8;sci;5;250.58;0;248.82;0;0
West Bengal;8;sci;19;267.93;0;254.6;0;0
National Average;8;sci;0;252.31;0;252.42;0;3
Andaman & Nicobar Islands;8;sst;35;239.88;0;252.68;0;2
Andhra Pradesh;8;sst;28;238.69;0;239.98;0;2
Arunachal Pradesh;8;sst;12;252.35;0;245.76;0;0
Assam;8;sst;18;256.83;0;255.74;0;0
Bihar;8;sst;10;260.17;0;253.66;0;0
Chandigarh;8;sst;4;284.4;0;290.31;0;2
Chhattisgarh;8;sst;22;240.79;0;243.31;0;2
Dadra & Nagar Haveli;8;sst;26;246.89;0;250.67;0;2
Daman & Diu;8;sst;25;240.3;0;248.96;0;2
Delhi;8;sst;7;252.81;0;255.95;0;2
Goa;8;sst;30;249.24;0;249.13;0;1
Gujarat;8;sst;24;252.42;0;258.61;0;2
Haryana;8;sst;6;264.6;0;271.81;0;2
Himachal Pradesh;8;sst;2;251.67;0;255;0;2
Jammu & Kashmir;8;sst;1;262.12;0;272.15;0;2
Jharkhand;8;sst;20;255.03;0;253.49;0;0
Karnataka;8;sst;29;253.35;0;258.7;0;2
Kerala;8;sst;32;243.87;0;254.61;0;2
Ladakh;8;sst;37;256.84;0;263.9;0;2
Lakshadweep;8;sst;31;239.73;0;247.62;0;2
Madhya Pradesh;8;sst;23;262.44;0;265;0;2
Maharashtra;8;sst;27;256.35;0;258.61;0;2
Manipur;8;sst;14;259.82;0;258.46;0;0
Meghalaya;8;sst;17;231.59;0;231.13;0;1
Mizoram;8;sst;15;242.02;0;241.45;0;1
Nagaland;8;sst;13;253.01;0;253.25;0;1
Odisha;8;sst;21;255.3;0;254.21;0;0
Puducherry;8;sst;34;255.82;0;256.39;0;1
Punjab;8;sst;3;281.7;0;294.87;0;2
Rajasthan;8;sst;8;285.31;0;291.16;0;2
Sikkim;8;sst;11;244.56;0;249.53;0;2
Tamil Nadu;8;sst;33;232.33;0;240.86;0;2
Telangana;8;sst;36;236.22;0;234.84;0;0
Tripura;8;sst;16;255.13;0;259.62;0;2
Uttar Pradesh;8;sst;9;245.6;0;241.8;0;0
Uttarakhand;8;sst;5;250.51;0;255.34;0;2
West Bengal;8;sst;19;269.64;0;261.3;0;0
National Average;8;sst;0;252.95;0;255.94;0;3
Andaman & Nicobar Islands;10;eng;35;302.73;0;316.34;0;2
Andhra Pradesh;10;eng;28;288.55;0;293.4;0;2
Arunachal Pradesh;10;eng;12;301.34;0;308.74;0;2
Assam;10;eng;18;271.57;0;267.98;0;0
Bihar;10;eng;10;264.8;0;253.47;0;0
Chandigarh;10;eng;4;344.98;0;345.48;0;1
Chhattisgarh;10;eng;22;258.16;0;256.27;0;0
Dadra & Nagar Haveli;10;eng;26;258.95;0;265.61;0;2
Daman & Diu;10;eng;25;279.96;0;289.31;0;2
Delhi;10;eng;7;315.65;0;326.79;0;2
Goa;10;eng;30;328.84;0;348.17;0;2
Gujarat;10;eng;24;266.97;0;274.13;0;2
Haryana;10;eng;6;297.81;0;309.91;0;2
Himachal Pradesh;10;eng;2;285.58;0;296.58;0;2
Jammu & Kashmir;10;eng;1;290.47;0;300.61;0;2
Jharkhand;10;eng;20;274.7;0;265.43;0;0
Karnataka;10;eng;29;278.97;0;286.54;0;2
Kerala;10;eng;32;285.47;0;312.11;0;2
Ladakh;10;eng;37;301.85;0;307.23;0;2
Lakshadweep;10;eng;31;275.31;0;303.11;0;2
Madhya Pradesh;10;eng;23;272.12;0;273.49;0;2
Maharashtra;10;eng;27;283.04;0;288.31;0;2
Manipur;10;eng;14;308.25;0;313.97;0;2
Meghalaya;10;eng;17;276.15;0;279.27;0;2
Mizoram;10;eng;15;272.56;0;284.25;0;2
Nagaland;10;eng;13;306.09;0;318.68;0;2
Odisha;10;eng;21;274.8;0;272.27;0;0
Puducherry;10;eng;34;325.67;0;325.3;0;1
Punjab;10;eng;3;321.03;0;337.49;0;2
Rajasthan;10;eng;8;286.88;0;292.12;0;2
Sikkim;10;eng;11;301.18;0;305.01;0;2
Tamil Nadu;10;eng;33;265.81;0;281.71;0;2
Telangana;10;eng;36;286.25;0;294.15;0;2
Tripura;10;eng;16;267.94;0;277.4;0;2
Uttar Pradesh;10;eng;9;255.5;0;250.4;0;0
Uttarakhand;10;eng;5;279.07;0;281.69;0;2
West Bengal;10;eng;19;284.21;0;276.22;0;0
National Average;10;eng;0;287.55;0;294.02;0;3
Andaman & Nicobar Islands;10;math;35;222.79;0;224.6;0;2
Andhra Pradesh;10;math;28;220.41;0;214.85;0;0
Arunachal Pradesh;10;math;12;205.75;0;201.6;0;0
Assam;10;math;18;222.22;0;220.3;0;0
Bihar;10;math;10;236.63;0;222.45;0;0
Chandigarh;10;math;4;264.57;0;256.94;0;0
Chhattisgarh;10;math;22;203.15;0;200.57;0;0
Dadra & Nagar Haveli;10;math;26;202.36;0;200.39;0;0
Daman & Diu;10;math;25;211.87;0;204.61;0;0
Delhi;10;math;7;233.31;0;226.89;0;0
Goa;10;math;30;214.04;0;211.89;0;0
Gujarat;10;math;24;212.61;0;210.36;0;0
Haryana;10;math;6;240.68;0;243.2;0;2
Himachal Pradesh;10;math;2;210.05;0;208.58;0;0
Jammu & Kashmir;10;math;1;219.22;0;213.62;0;0
Jharkhand;10;math;20;223.12;0;214.03;0;0
Karnataka;10;math;29;219.25;0;218.77;0;1
Kerala;10;math;32;207.42;0;211.95;0;2
Ladakh;10;math;37;205.32;0;209.81;0;2
Lakshadweep;10;math;31;199.32;0;203.16;0;2
Madhya Pradesh;10;math;23;225.42;0;225.68;0;1
Maharashtra;10;math;27;211.6;0;209.81;0;0
Manipur;10;math;14;218.96;0;216.01;0;0
Meghalaya;10;math;17;201.48;0;194.97;0;0
Mizoram;10;math;15;199.41;0;200.04;0;1
Nagaland;10;math;13;201.3;0;199.67;0;0
Odisha;10;math;21;225.99;0;222.58;0;0
Puducherry;10;math;34;227.11;0;226.06;0;0
Punjab;10;math;3;267.27;0;277.62;0;2
Rajasthan;10;math;8;252.33;0;258.95;0;2
Sikkim;10;math;11;197.26;0;193.8;0;0
Tamil Nadu;10;math;33;201.04;0;199.84;0;0
Telangana;10;math;36;211.67;0;208.24;0;0
Tripura;10;math;16;216.68;0;212.66;0;0
Uttar Pradesh;10;math;9;215.53;0;206.63;0;0
Uttarakhand;10;math;5;220.26;0;215.77;0;0
West Bengal;10;math;19;221.15;0;209.85;0;0
National Average;10;math;0;218.61;0;216.13;0;3
Andaman & Nicobar Islands;10;mil;35;248.52;0;260.87;0;2
Andhra Pradesh;10;mil;28;248.32;0;254.68;0;2
Arunachal Pradesh;10;mil;12;235.96;0;243.36;0;2
Assam;10;mil;18;249.57;0;250.88;0;2
Bihar;10;mil;10;256.52;0;245.1;0;0
Chandigarh;10;mil;4;282.48;0;297.7;0;2
Chhattisgarh;10;mil;22;256.13;0;259.54;0;2
Dadra & Nagar Haveli;10;mil;26;240.2;0;247.58;0;2
Daman & Diu;10;mil;25;259.72;0;264.68;0;2
Delhi;10;mil;7;277.49;0;290.32;0;2
Goa;10;mil;30;220.47;0;237;0;2
Gujarat;10;mil;24;256.91;0;269.23;0;2
Haryana;10;mil;6;278.05;0;289.42;0;2
Himachal Pradesh;10;mil;2;261.06;0;273.21;0;2
Jammu & Kashmir;10;mil;1;238.53;0;247.51;0;2
Jharkhand;10;mil;20;258.31;0;253.1;0;0
Karnataka;10;mil;29;237.63;0;245.58;0;2
Kerala;10;mil;32;263.96;0;290.42;0;2
Ladakh;10;mil;37;228.5;0;241.08;0;2
Lakshadweep;10;mil;31;226.55;0;238.57;0;2
Madhya Pradesh;10;mil;23;266.63;0;269.31;0;2
Maharashtra;10;mil;27;260.92;0;272.81;0;2
Manipur;10;mil;14;219.99;0;216.49;0;0
Meghalaya;10;mil;17;209.85;0;213.57;0;2
Mizoram;10;mil;15;204.53;0;204.34;0;1
Nagaland;10;mil;13;208.27;0;215.84;0;2
Odisha;10;mil;21;249.28;0;254.01;0;2
Puducherry;10;mil;34;213.73;0;216.9;0;2
Punjab;10;mil;3;280.88;0;295.01;0;2
Rajasthan;10;mil;8;279.77;0;281.3;0;2
Sikkim;10;mil;11;227.36;0;238.72;0;2
Tamil Nadu;10;mil;33;246.32;0;260.15;0;2
Telangana;10;mil;36;237.3;0;246.2;0;2
Tripura;10;mil;16;244.31;0;254.08;0;2
Uttar Pradesh;10;mil;9;255.03;0;248.98;0;0
Uttarakhand;10;mil;5;260.68;0;264.58;0;2
West Bengal;10;mil;19;264.91;0;265.28;0;1
National Average;10;mil;0;247.42;0;254.52;0;3
Andaman & Nicobar Islands;10;sci;35;234.56;0;222.58;0;0
Andhra Pradesh;10;sci;28;202.86;0;206.41;0;2
Arunachal Pradesh;10;sci;12;208.31;0;209.3;0;1
Assam;10;sci;18;205.33;0;200.2;0;0
Bihar;10;sci;10;209.56;0;195.22;0;0
Chandigarh;10;sci;4;260.25;0;259.53;0;1
Chhattisgarh;10;sci;22;189.6;0;189.04;0;1
Dadra & Nagar Haveli;10;sci;26;190.05;0;190.46;0;1
Daman & Diu;10;sci;25;212.22;0;194.75;0;0
Delhi;10;sci;7;231.44;0;235.56;0;2
Goa;10;sci;30;228.28;0;231.93;0;2
Gujarat;10;sci;24;199.55;0;202.16;0;2
Haryana;10;sci;6;225.77;0;234.79;0;2
Himachal Pradesh;10;sci;2;203.46;0;206.8;0;2
Jammu & Kashmir;10;sci;1;217.21;0;218.58;0;2
Jharkhand;10;sci;20;209.43;0;199.88;0;0
Karnataka;10;sci;29;203.92;0;208.06;0;2
Kerala;10;sci;32;201.03;0;213.94;0;2
Ladakh;10;sci;37;214.69;0;220.11;0;2
Lakshadweep;10;sci;31;208.07;0;214.67;0;2
Madhya Pradesh;10;sci;23;205.32;0;207.18;0;2
Maharashtra;10;sci;27;200.06;0;203.25;0;2
Manipur;10;sci;14;217.75;0;220.16;0;2
Meghalaya;10;sci;17;193.85;0;191.19;0;0
Mizoram;10;sci;15;188.91;0;189.7;0;1
Nagaland;10;sci;13;200.75;0;206.84;0;2
Odisha;10;sci;21;205.24;0;204.52;0;1
Puducherry;10;sci;34;220.41;0;227.58;0;2
Punjab;10;sci;3;246.42;0;261.24;0;2
Rajasthan;10;sci;8;234.17;0;241.55;0;2
Sikkim;10;sci;11;199.05;0;200.24;0;2
Tamil Nadu;10;sci;33;190.4;0;197.96;0;2
Telangana;10;sci;36;199.71;0;204.06;0;2
Tripura;10;sci;16;196.04;0;198.86;0;2
Uttar Pradesh;10;sci;9;194.26;0;187.84;0;0
Uttarakhand;10;sci;5;209.73;0;205.07;0;0
West Bengal;10;sci;19;210.12;0;201.04;0;0
National Average;10;sci;0;209.94;0;210.87;0;3
Andaman & Nicobar Islands;10;sst;35;231.26;0;256.67;0;2
Andhra Pradesh;10;sst;28;227.44;0;228.29;0;1
Arunachal Pradesh;10;sst;12;238.77;0;241.41;0;2
Assam;10;sst;18;227.73;0;224.23;0;0
Bihar;10;sst;10;229.11;0;216.41;0;0
Chandigarh;10;sst;4;286.79;0;287.21;0;1
Chhattisgarh;10;sst;22;216.92;0;216.17;0;1
Dadra & Nagar Haveli;10;sst;26;217.22;0;215.26;0;0
Daman & Diu;10;sst;25;231.95;0;230.59;0;0
Delhi;10;sst;7;257.58;0;261.28;0;2
Goa;10;sst;30;249.33;0;261.93;0;2
Gujarat;10;sst;24;229.11;0;235.75;0;2
Haryana;10;sst;6;249.05;0;258.46;0;2
Himachal Pradesh;10;sst;2;230.68;0;237.72;0;2
Jammu & Kashmir;10;sst;1;236.89;0;237.65;0;1
Jharkhand;10;sst;20;234.1;0;227.9;0;0
Karnataka;10;sst;29;231.45;0;237.34;0;2
Kerala;10;sst;32;231.61;0;244.62;0;2
Ladakh;10;sst;37;237.2;0;236.84;0;1
Lakshadweep;10;sst;31;226.27;0;233.93;0;2
Madhya Pradesh;10;sst;23;228.09;0;230.57;0;2
Maharashtra;10;sst;27;231.76;0;234.13;0;2
Manipur;10;sst;14;245.48;0;245.92;0;1
Meghalaya;10;sst;17;216.44;0;215.75;0;1
Mizoram;10;sst;15;217.95;0;216.2;0;0
Nagaland;10;sst;13;237.72;0;244.55;0;2
Odisha;10;sst;21;228.54;0;226.43;0;0
Puducherry;10;sst;34;257.91;0;252.6;0;0
Punjab;10;sst;3;263.75;0;275.01;0;2
Rajasthan;10;sst;8;259.35;0;263.68;0;2
Sikkim;10;sst;11;233.06;0;241.33;0;2
Tamil Nadu;10;sst;33;216.69;0;226.73;0;2
Telangana;10;sst;36;224.3;0;227.91;0;2
Tripura;10;sst;16;225.2;0;224.51;0;1
Uttar Pradesh;10;sst;9;216.82;0;210.84;0;0
Uttarakhand;10;sst;5;230.94;0;230.76;0;1
West Bengal;10;sst;19;236.44;0;228.34;0;0
National Average;10;sst;0;234.89;0;237.43;0;3
